id,created,modified,"uuid",is_active,"alias","name","market",league_id,venue_id,"logo_url","full_name",conference_id,division_id,"primary_color","secondary_color",_peerdb_synced_at,_peerdb_is_deleted,_peerdb_version
1,2022-05-31 10:00:13.473605,2025-07-01 10:54:19.611233,"59056f25-7856-4f2d-84a4-b3160265ea9b",true,"TEX","Rangers","Texas",3,162,"https://d1b64mtb5sw7c4.cloudfront.net/media/teams/logos/TEX.svg","Texas Rangers",1,2,"#c0111f","#003278",2026-06-08 12:22:08.289000000,0,0
2,2022-05-31 10:00:13.489748,2025-07-01 10:54:18.882238,"97351ad0-fe7d-4af1-aef7-c5c5dadd0909",true,"CLE","Guardians","Cleveland",3,158,"https://d1b64mtb5sw7c4.cloudfront.net/media/teams/logos/CLE_Nx0Bqx8.svg","Cleveland Guardians",1,5,"#e31937","#002b5c",2026-06-08 12:22:08.289000000,0,0
3,2022-05-31 10:00:13.498503,2026-01-30 04:30:18.651497,"2ed31ef9-9933-4190-b0da-ce923054136a",true,"TOR","Blue Jays","Toronto",3,151,"https://d1b64mtb5sw7c4.cloudfront.net/media/teams/logos/TOR_vfuaja9.svg","Toronto Blue Jays",1,4,"#134a8e","#1d2d5c",2026-06-08 12:22:08.289000000,0,0
4,2022-05-31 10:00:13.511304,2026-01-30 04:30:16.476770,"ca48b2a7-4b74-45be-abcb-65669d5dc27a",true,"PHI","Phillies","Philadelphia",3,173,"https://d1b64mtb5sw7c4.cloudfront.net/media/teams/logos/PHI_uF8Odko.svg","Philadelphia Phillies",6,8,"#ffffff","#e81828",2026-06-08 12:22:08.289000000,0,0
5,2022-05-31 10:00:13.519671,2025-07-01 10:54:18.839945,"3378c737-a24e-4060-90e2-b9a71578ddeb",true,"CIN","Reds","Cincinnati",3,156,"https://d1b64mtb5sw7c4.cloudfront.net/media/teams/logos/CIN.svg","Cincinnati Reds",6,7,"#c6011f","#000000",2026-06-08 12:22:08.289000000,0,0
6,2022-05-31 10:00:13.528143,2025-07-01 10:54:19.206351,"6f0e4a01-bdde-4e5b-a712-1ead3a31a6f2",true,"MIL","Brewers","Milwaukee",3,169,"https://d1b64mtb5sw7c4.cloudfront.net/media/teams/logos/MIL_pu83ppr.svg","Milwaukee Brewers",6,7,"#12284b","#ffc52f",2026-06-08 12:22:08.289000000,0,0
7,2022-05-31 10:00:13.537265,2025-07-01 10:54:18.770955,"8de9c0ba-e8cc-4620-9c63-84e06d255e56",true,"BOS","Red Sox","Boston",3,711,"https://d1b64mtb5sw7c4.cloudfront.net/media/teams/logos/BOS.svg","Boston Red Sox",1,4,"#bd3039","#0d2b56",2026-06-08 12:22:08.289000000,0,0
8,2022-05-31 10:00:13.547518,2025-07-01 10:54:18.929742,"0cdca055-1aa3-44f6-8aef-07018ab91692",true,"COL","Rockies","Colorado",3,41,"https://d1b64mtb5sw7c4.cloudfront.net/media/teams/logos/COL.svg","Colorado Rockies",6,9,"#33006f","#000000",2026-06-08 12:22:08.289000000,0,0
9,2022-05-31 10:00:13.561270,2026-01-30 04:30:18.415215,"ae11ec59-d153-4b11-b714-f400f1d9c893",true,"TB","Rays","Tampa Bay",3,159,"https://d1b64mtb5sw7c4.cloudfront.net/media/teams/logos/TB.svg","Tampa Bay Rays",1,4,"#092c5c","#8fbce6",2026-06-08 12:22:08.289000000,0,0
10,2022-05-31 10:00:13.570767,2025-07-01 10:54:19.306952,"d16be6a1-36e2-486c-8d08-4018fd416b14",true,"NYY","Yankees","New York",3,176,"https://d1b64mtb5sw7c4.cloudfront.net/media/teams/logos/NYY.svg","New York Yankees",1,4,"#132448","#ffffff",2026-06-08 12:22:08.289000000,0,0
11,2022-05-31 10:00:13.578965,2025-07-01 10:54:19.462006,"088b496f-f9d8-415a-8d60-551fe103fea7",true,"SEA","Mariners","Seattle",3,171,"https://d1b64mtb5sw7c4.cloudfront.net/media/teams/logos/SEA.svg","Seattle Mariners",1,2,"#005c5c","#0c2c56",2026-06-08 12:22:08.289000000,0,0
12,2022-05-31 10:00:13.587664,2025-07-01 10:54:19.424179,"4e2815d6-1192-41e1-9769-328d1b290c10",true,"SD","Padres","San Diego",3,136,"https://d1b64mtb5sw7c4.cloudfront.net/media/teams/logos/SD.svg","San Diego Padres",6,9,"#2f241d","#ffc425",2026-06-08 12:22:08.289000000,0,0
13,2022-05-31 10:00:13.596218,2025-07-01 10:54:19.507610,"4543005c-2fd3-4745-b8ee-fb46056147fd",true,"SF","Giants","San Francisco",3,154,"https://d1b64mtb5sw7c4.cloudfront.net/media/teams/logos/SF.svg","San Francisco Giants",6,9,"#000000","#fd5b1e",2026-06-08 12:22:08.289000000,0,0
14,2022-05-31 10:00:13.604269,2025-07-01 10:54:18.989009,"50a133b0-4c5f-4188-942a-30b9286cf2d4",true,"DET","Tigers","Detroit",3,160,"https://d1b64mtb5sw7c4.cloudfront.net/media/teams/logos/DET.svg","Detroit Tigers",1,5,"#0c2c56","#ff6600",2026-06-08 12:22:08.289000000,0,0
15,2022-05-31 10:00:13.613131,2025-07-01 10:54:19.385366,"78911e61-b118-49dc-b7e1-dced52f67650",true,"PIT","Pirates","Pittsburgh",3,157,"https://d1b64mtb5sw7c4.cloudfront.net/media/teams/logos/PIT.svg","Pittsburgh Pirates",6,7,"#fdb827","#000000",2026-06-08 12:22:08.289000000,0,0
16,2022-05-31 10:00:13.621189,2025-07-01 10:54:19.051321,"29bda318-a293-4574-a44d-a2db9a4d00bf",true,"KC","Royals","Kansas City",3,155,"https://d1b64mtb5sw7c4.cloudfront.net/media/teams/logos/KC.svg","Kansas City Royals",1,5,"#004687","#ffffff",2026-06-08 12:22:08.289000000,0,0
17,2022-05-31 10:00:13.629180,2025-07-01 10:54:18.676862,"bd12e50b-83a1-4d72-b5f3-de3d76437a6d",true,"ATL","Braves","Atlanta",3,147,"https://d1b64mtb5sw7c4.cloudfront.net/media/teams/logos/ATL_doOPIoT.svg","Atlanta Braves",6,8,"#ce1141","#13274f",2026-06-08 12:22:08.289000000,0,0
18,2022-05-31 10:00:13.641696,2025-07-01 10:54:18.636455,"8c68e073-f76a-41ff-8fa3-edda82f16233",true,"ATH","Athletics",,3,984,"https://d1b64mtb5sw7c4.cloudfront.net/media/teams/logos/OAK.svg","Athletics",1,2,"#efb21e","#003831",2026-06-08 12:22:08.289000000,0,0
19,2022-05-31 10:00:13.650279,2026-01-30 04:30:17.397905,"09c23cf2-4ea0-4803-8afe-b6577de179d5",true,"STL","Cardinals","St. Louis",3,172,"https://d1b64mtb5sw7c4.cloudfront.net/media/teams/logos/SL.svg","St. Louis Cardinals",6,7,"#c41e3a","#001541",2026-06-08 12:22:08.289000000,0,0
20,2022-05-31 10:00:13.658706,2025-07-01 10:54:19.162685,"74ce348e-d7db-474f-a7d3-6eae1c250b50",true,"MIA","Marlins","Miami",3,179,"https://d1b64mtb5sw7c4.cloudfront.net/media/teams/logos/MIA_UH3lihm.svg","Miami Marlins",6,8,"#000000","#00a3e0",2026-06-08 12:22:08.289000000,0,0
21,2022-05-31 10:00:13.666277,2025-07-01 10:54:19.082278,"56cf2f9a-3cf3-4368-a584-cd50c0f5af21",true,"LAA","Angels","Los Angeles",3,201,"https://d1b64mtb5sw7c4.cloudfront.net/media/teams/logos/LAA.svg","Los Angeles Angels",1,2,"#ba0021","#003263",2026-06-08 12:22:08.289000000,0,0
22,2022-05-31 10:00:13.673895,2025-07-01 10:54:19.125767,"8db2744b-4d06-4b81-8079-7806eb62e341",true,"LAD","Dodgers","Los Angeles",3,202,"https://d1b64mtb5sw7c4.cloudfront.net/media/teams/logos/LAD.svg","Los Angeles Dodgers",6,9,"#ffffff","#005a9c",2026-06-08 12:22:08.289000000,0,0
23,2022-05-31 10:00:13.681747,2025-07-01 10:54:19.238139,"421a3fd9-8be3-4208-aa8f-b34a783d0408",true,"MIN","Twins","Minnesota",3,174,"https://d1b64mtb5sw7c4.cloudfront.net/media/teams/logos/MIN.svg","Minnesota Twins",1,5,"#e31e34","#091f40",2026-06-08 12:22:08.289000000,0,0
24,2022-05-31 10:00:13.689441,2025-07-01 10:54:19.681287,"705ec148-e9f3-4a37-bbca-b297999fa59a",true,"WSH","Nationals","Washington",3,148,"https://d1b64mtb5sw7c4.cloudfront.net/media/teams/logos/WAS_K9pdhkF.svg","Washington Nationals",6,8,"#ab0003","#11225b",2026-06-08 12:22:08.289000000,0,0
25,2022-05-31 10:00:13.700279,2025-07-01 10:54:18.960011,"0e13233a-687c-4053-b3c8-151033ec7260",true,"CWS","White Sox","Chicago",3,161,"https://d1b64mtb5sw7c4.cloudfront.net/media/teams/logos/CHIS.svg","Chicago White Sox",1,5,"#000000","#c4ced4",2026-06-08 12:22:08.289000000,0,0
26,2022-05-31 10:00:13.708384,2025-07-01 10:54:19.271376,"2bb1b203-e972-4743-b71a-9945f9dfa4c8",true,"NYM","Mets","New York",3,149,"https://d1b64mtb5sw7c4.cloudfront.net/media/teams/logos/NYM.svg","New York Mets",6,8,"#ff5910","#002d72",2026-06-08 12:22:08.289000000,0,0
27,2022-05-31 10:00:13.716278,2025-07-01 10:54:19.019226,"57a38c34-1735-4ce1-b00c-0a89ee89557a",true,"HOU","Astros","Houston",3,153,"https://d1b64mtb5sw7c4.cloudfront.net/media/teams/logos/HOU.svg","Houston Astros",1,2,"#002d62","#eb6e1f",2026-06-08 12:22:08.289000000,0,0
31,2022-05-31 10:00:13.739455,2025-07-01 10:54:18.802588,"855bb05c-1d65-4166-b5f7-6e183c20b478",true,"CHC","Cubs","Chicago",3,150,"https://d1b64mtb5sw7c4.cloudfront.net/media/teams/logos/CHI_g1l1VQI.svg","Chicago Cubs",6,7,"#0e3386","#cc3433",2026-06-08 12:22:08.289000000,0,0
32,2022-05-31 10:00:13.748438,2026-01-30 04:30:16.679766,"d157f9aa-2130-4da4-9cb2-44994557e81c",true,"AZ","Diamondbacks","Arizona",3,200,"https://d1b64mtb5sw7c4.cloudfront.net/media/teams/logos/ARI.svg","Arizona Diamondbacks",6,9,"#3ec1cc","#a71930",2026-06-08 12:22:08.289000000,0,0
33,2022-05-31 10:00:13.756796,2025-07-01 10:54:18.739500,"d37d36a1-c0d3-4d0b-9c81-bcebbce799b2",true,"BAL","Orioles","Baltimore",3,170,"https://d1b64mtb5sw7c4.cloudfront.net/media/teams/logos/BAL.svg","Baltimore Orioles",1,4,"#000000","#df4601",2026-06-08 12:22:08.289000000,0,0
36,2022-05-31 10:00:13.802799,2025-07-01 10:54:19.983588,"b9924a42-05aa-4908-af23-7d43ec6ad677",true,"MON","CF Montreal",,4,,"https://d1b64mtb5sw7c4.cloudfront.net/media/teams/logos/CF_Montreal_logo_2023.svg","CF Montreal",,,,,2026-06-08 12:22:08.289000000,0,0
37,2022-05-31 10:00:13.807688,2025-07-01 10:54:19.992537,"e8526b4f-4033-4251-9550-f5aea0e864f8",true,"NE","New England Revolution",,4,,"https://d1b64mtb5sw7c4.cloudfront.net/media/teams/logos/New_England_Revolution_2021_logo.svg","New England Revolution",,,,,2026-06-08 12:22:08.289000000,0,0
38,2022-05-31 10:00:13.812580,2025-07-01 10:54:19.936985,"b10109e4-67a8-4a76-974f-a9d50a2e61aa",true,"HOU","Houston Dynamo",,4,,"https://d1b64mtb5sw7c4.cloudfront.net/media/teams/logos/Houston_Dynamo_FC_logo.svg","Houston Dynamo",,,,,2026-06-08 12:22:08.289000000,0,0
39,2022-05-31 10:00:13.823954,2025-07-01 10:54:19.946450,"21188a21-f905-484c-947a-7ec8504fb798",true,"LAG","Los Angeles Galaxy",,4,,"https://d1b64mtb5sw7c4.cloudfront.net/media/teams/logos/Los_Angeles_Galaxy_logo.svg","Los Angeles Galaxy",,,,,2026-06-08 12:22:08.289000000,0,0
40,2022-05-31 10:00:13.829439,2025-07-01 10:54:20.117112,"a7ce0a75-0bb0-401e-8fe8-877ff19cc515",true,"TOR","Toronto FC",,4,,"https://d1b64mtb5sw7c4.cloudfront.net/media/teams/logos/Toronto_FC_Logo.svg","Toronto FC",,,,,2026-06-08 12:22:08.289000000,0,0
41,2022-05-31 10:00:13.833981,2025-07-01 10:54:20.032194,"a60c6bed-ad51-4ede-a0ea-a1cee309c449",true,"ORL","Orlando City SC",,4,,"https://d1b64mtb5sw7c4.cloudfront.net/media/teams/logos/Orlando_City_2014.svg","Orlando City SC",,,,,2026-06-08 12:22:08.289000000,0,0
42,2022-05-31 10:00:13.839515,2025-07-01 10:54:20.060716,"6e8b6170-5286-4103-8466-85307029080f",true,"RSL","Real Salt Lake",,4,,"https://d1b64mtb5sw7c4.cloudfront.net/media/teams/logos/Real_Salt_Lake_2010.svg","Real Salt Lake",,,,,2026-06-08 12:22:08.289000000,0,0
43,2022-05-31 10:00:13.844296,2025-07-01 10:54:19.919221,"ddf85027-cea5-4cf9-af30-b1c51b57a6e4",true,"DAL","FC Dallas",,4,,"https://d1b64mtb5sw7c4.cloudfront.net/media/teams/logos/FC_Dallas_logo.svg","FC Dallas",,,,,2026-06-08 12:22:08.289000000,0,0
44,2022-05-31 10:00:13.849368,2025-07-01 10:54:19.955363,"1664a2bd-440d-40ef-aa02-aae5c40728f9",true,"LAN","Los Angeles FC",,4,,"https://d1b64mtb5sw7c4.cloudfront.net/media/teams/logos/Los_Angeles_Football_Club.svg","Los Angeles FC",,,,,2026-06-08 12:22:08.289000000,0,0
45,2022-05-31 10:00:13.854883,2025-07-01 10:54:19.964398,"a21edbba-e52c-43fe-83ee-c8719ac0c9f1",true,"MIA","Inter Miami CF",,4,,"https://d1b64mtb5sw7c4.cloudfront.net/media/teams/logos/Inter_Miami_CF_logo.svg","Inter Miami CF",,,,,2026-06-08 12:22:08.289000000,0,0
46,2022-05-31 10:00:13.859531,2025-07-01 10:54:20.051174,"b4b3f8f9-6c8b-4b8c-a247-63a4d68c937b",true,"POR","Portland Timbers",,4,,"https://d1b64mtb5sw7c4.cloudfront.net/media/teams/logos/Portland_Timbers_logo.svg","Portland Timbers",,,,,2026-06-08 12:22:08.289000000,0,0
47,2022-05-31 10:00:13.864513,2025-07-01 10:54:19.973761,"b3899dce-785a-4a61-b975-e504025dc7eb",true,"MIN","Minnesota United FC",,4,,"https://d1b64mtb5sw7c4.cloudfront.net/media/teams/logos/Minnesota_United_FC_MLS_Primary_logo.svg","Minnesota United FC",,,,,2026-06-08 12:22:08.289000000,0,0
48,2022-05-31 10:00:13.873573,2025-07-01 10:54:20.041184,"6ace56fa-5a34-4abd-bbba-ce9f6b2a1938",true,"PHI","Philadelphia Union",,4,,"https://d1b64mtb5sw7c4.cloudfront.net/media/teams/logos/Philadelphia_Union_2018_logo.svg","Philadelphia Union",,,,,2026-06-08 12:22:08.289000000,0,0
49,2022-05-31 10:00:13.884847,2025-07-01 10:54:20.001492,"04861647-69d3-4a31-9574-34ab8774da9a",true,"NSH","Nashville SC",,4,,"https://d1b64mtb5sw7c4.cloudfront.net/media/teams/logos/Nashville_SC_logo_2020.svg","Nashville SC",,,,,2026-06-08 12:22:08.289000000,0,0
50,2022-05-31 10:00:13.890237,2025-07-01 10:54:19.852205,"e8ee7978-19c0-40ab-b90f-f6d37616beaa",true,"ATL","Atlanta United FC",,4,,"https://d1b64mtb5sw7c4.cloudfront.net/media/teams/logos/Atlanta_MLS.svg","Atlanta United FC",,,,,2026-06-08 12:22:08.289000000,0,0
51,2022-05-31 10:00:13.895501,2025-07-01 10:54:20.126203,"13b69ff2-658c-4138-bf83-06b43c9ad5ea",true,"VAN","Vancouver Whitecaps FC",,4,,"https://d1b64mtb5sw7c4.cloudfront.net/media/teams/logos/Vancouver_Whitecaps_FC_logo.svg","Vancouver Whitecaps FC",,,,,2026-06-08 12:22:08.289000000,0,0
52,2022-05-31 10:00:13.900292,2025-07-01 10:54:20.109659,"bfeb2c86-e899-48b8-a954-f99e2fc5fcd3",true,"SKC","Sporting Kansas City",,4,,"https://d1b64mtb5sw7c4.cloudfront.net/media/teams/logos/Sporting_Kansas_City_logo.svg","Sporting Kansas City",,,,,2026-06-08 12:22:08.289000000,0,0
53,2022-05-31 10:00:13.905095,2025-07-01 10:54:19.891728,"ccc65806-5b9c-4e86-b73d-b9846e1a5c16",true,"CLB","Columbus Crew",,4,,"https://d1b64mtb5sw7c4.cloudfront.net/media/teams/logos/Columbus_Crew_logo_2021_BywWinm.svg","Columbus Crew",,,,,2026-06-08 12:22:08.289000000,0,0
54,2022-05-31 10:00:13.912207,2025-07-01 10:54:20.022792,"b7334d9e-29d5-43a2-9439-082eba135ac7",true,"NYRB","New York Red Bulls",,4,,"https://d1b64mtb5sw7c4.cloudfront.net/media/teams/logos/New_York_Red_Bulls_logo.svg","New York Red Bulls",,,,,2026-06-08 12:22:08.289000000,0,0
55,2022-05-31 10:00:13.918693,2025-07-01 10:54:19.882390,"86d08e3b-d6a3-475d-887a-1870471d8a9e",true,"CIN","FC Cincinnati",,4,,"https://d1b64mtb5sw7c4.cloudfront.net/media/teams/logos/FC_Cincinnati_primary_logo_2018.svg","FC Cincinnati",,,,,2026-06-08 12:22:08.289000000,0,0
56,2022-05-31 10:00:13.923740,2025-07-01 10:54:20.089034,"bd70c10f-7751-4b98-a1b4-8b8aa3e33ebc",true,"SEA","Seattle Sounders",,4,,"https://d1b64mtb5sw7c4.cloudfront.net/media/teams/logos/Seattle_Sounders_logo.svg","Seattle Sounders",,,,,2026-06-08 12:22:08.289000000,0,0
57,2022-05-31 10:00:13.928442,2025-07-01 10:54:19.873757,"5d6bbe22-7154-4615-bb4c-321b115092f6",true,"CFI","Chicago Fire",,4,,"https://d1b64mtb5sw7c4.cloudfront.net/media/teams/logos/Chicago_Fire_logo_2021.svg","Chicago Fire",,,,,2026-06-08 12:22:08.289000000,0,0
58,2022-05-31 10:00:13.933341,2025-07-01 10:54:19.909773,"7c07b046-a61a-4229-a1b5-7f0d9c975d78",true,"COL","Colorado Rapids",,4,,"https://d1b64mtb5sw7c4.cloudfront.net/media/teams/logos/Colorado_Rapids_logo.svg","Colorado Rapids",,,,,2026-06-08 12:22:08.289000000,0,0
59,2022-05-31 10:00:13.939056,2025-07-01 10:54:20.096976,"d864f22e-6232-4547-85a4-8003e6061578",true,"SJ","San Jose Earthquakes",,4,,"https://d1b64mtb5sw7c4.cloudfront.net/media/teams/logos/San_Jose_Earthquakes_2014.svg","San Jose Earthquakes",,,,,2026-06-08 12:22:08.289000000,0,0
60,2022-05-31 10:00:13.944347,2025-07-01 10:54:20.013938,"bdce75a2-f966-4f0e-8330-7caf904b68b0",true,"NYC","New York City FC",,4,,"https://d1b64mtb5sw7c4.cloudfront.net/media/teams/logos/New_York_City_FC.svg","New York City FC",,,,,2026-06-08 12:22:08.289000000,0,0
61,2022-05-31 10:00:13.949349,2025-07-01 10:54:19.927955,"b188e0ea-1ebd-4c58-af36-7adf35deaf76",true,"DC","DC United",,4,,"https://d1b64mtb5sw7c4.cloudfront.net/media/teams/logos/D.C._United_logo_2016.svg","DC United",,,,,2026-06-08 12:22:08.289000000,0,0
62,2022-05-31 10:00:14.039313,2025-07-01 10:54:20.778379,"0ef680c8-8c18-482e-94ac-59d64019d6c3",true,"DAL","Mavericks","Dallas",6,852,"https://d1b64mtb5sw7c4.cloudfront.net/media/teams/logos/DAL.svg","Dallas Mavericks",14,16,"#00285e","#0053bc",2026-06-08 12:22:08.289000000,0,0
63,2022-05-31 10:00:14.049947,2025-07-01 10:54:20.581627,"f8387a67-58fe-4369-8560-32ef2e393f19",true,"BKN","Nets","Brooklyn",6,863,"https://d1b64mtb5sw7c4.cloudfront.net/media/teams/logos/BKN.svg","Brooklyn Nets",10,12,"#ffffff","#000000",2026-06-08 12:22:08.289000000,0,0
64,2022-05-31 10:00:14.059756,2025-08-06 04:30:05.738521,"6fa45905-ba68-49c2-91b7-0a5634e03823",true,"UTA","Jazz","Utah",6,849,"https://d1b64mtb5sw7c4.cloudfront.net/media/teams/logos/UTH.svg","Utah Jazz",14,15,"#000000","#4e008e",2026-06-08 12:22:08.289000000,0,0
65,2022-05-31 10:00:14.067960,2025-07-01 10:54:21.756578,"f8a97002-c02f-44ff-83fe-294f1eda3372",true,"SAS","Spurs","San Antonio",6,422,"https://d1b64mtb5sw7c4.cloudfront.net/media/teams/logos/SAS.svg","San Antonio Spurs",14,16,"#c4ced3","#000000",2026-06-08 12:22:08.289000000,0,0
66,2022-05-31 10:00:14.076550,2025-08-06 04:30:05.502245,"adbf3dd7-9b20-4d18-8ac7-afec48949647",true,"PHI","76ers","Philadelphia",6,131,"https://d1b64mtb5sw7c4.cloudfront.net/media/teams/logos/PHI.svg","Philadelphia 76ers",10,12,"#1d428a","#c8102e",2026-06-08 12:22:08.289000000,0,0
67,2022-05-31 10:00:14.084419,2025-07-01 10:54:21.270266,"93b81bce-0fcd-420e-aeec-a1087e588003",true,"MEM","Grizzlies","Memphis",6,710,"https://d1b64mtb5sw7c4.cloudfront.net/media/teams/logos/MEM.svg","Memphis Grizzlies",14,16,"#5d76a9","#12173f",2026-06-08 12:22:08.289000000,0,0
68,2022-05-31 10:00:14.093305,2025-08-06 04:30:05.934093,"fab0ffae-2e06-4f60-ad7c-456759bcb3a1",true,"LAC","Clippers","LA",6,980,"https://d1b64mtb5sw7c4.cloudfront.net/media/teams/logos/LAC.svg","LA Clippers",14,17,"#12173f","#c8102e",2026-06-08 12:22:08.289000000,0,0
69,2022-05-31 10:00:14.101253,2025-08-06 04:30:05.233085,"959f3cd5-d840-42b5-97a2-fcab1c14bb0f",true,"ORL","Magic","Orlando",6,658,"https://d1b64mtb5sw7c4.cloudfront.net/media/teams/logos/ORL.svg","Orlando Magic",10,11,"#000000","#0050b5",2026-06-08 12:22:08.289000000,0,0
70,2022-05-31 10:00:14.109262,2025-07-01 10:54:21.225301,"09a0e111-4fe0-4c0a-b0ff-3cb5f1b166d0",true,"LAL","Lakers","Los Angeles",6,142,"https://d1b64mtb5sw7c4.cloudfront.net/media/teams/logos/LAL.svg","Los Angeles Lakers",14,17,"#552582","#fdb927",2026-06-08 12:22:08.289000000,0,0
71,2022-05-31 10:00:14.117564,2025-07-01 10:54:21.685760,"4a145eaa-094a-4741-9113-d979217af5a4",true,"POR","Trail Blazers","Portland",6,90,"https://d1b64mtb5sw7c4.cloudfront.net/media/teams/logos/POR.svg","Portland Trail Blazers",14,15,"#e03a3e","#000000",2026-06-08 12:22:08.289000000,0,0
72,2022-05-31 10:00:14.131365,2026-06-17 04:30:05.381117,"fb2b2e8a-dd72-48f6-a4ce-c8e9cc6fc45c",true,"MIN","Timberwolves","Minnesota",6,850,"https://d1b64mtb5sw7c4.cloudfront.net/media/teams/logos/MIN_tVJ7yu4.svg",,14,15,"#1d428a","#009a44",2026-06-17 04:31:04.889000000,0,1781670605392912803
73,2022-05-31 10:00:14.139740,2025-07-01 10:54:20.618723,"a2c35b49-73c8-4996-8fe2-061cebb1a6c4",true,"BOS","Celtics","Boston",6,833,"https://d1b64mtb5sw7c4.cloudfront.net/media/teams/logos/BOS_Vx5bIOH.svg","Boston Celtics",10,12,"#ffffff","#008348",2026-06-08 12:22:08.289000000,0,0
74,2022-05-31 10:00:14.147860,2025-07-01 10:54:21.394399,"0031aabe-9638-426c-97cc-be9371236f53",true,"MIL","Bucks","Milwaukee",6,830,"https://d1b64mtb5sw7c4.cloudfront.net/media/teams/logos/MIL.svg","Milwaukee Bucks",10,13,"#f0ebd2","#00471b",2026-06-08 12:22:08.289000000,0,0
81,2022-05-31 10:00:14.184508,2025-07-01 10:54:21.536317,"8242711d-7ba2-4bc0-a512-19f77b93d065",true,"NYK","Knicks","New York",6,423,"https://d1b64mtb5sw7c4.cloudfront.net/media/teams/logos/NYK.svg","New York Knicks",10,12,"#006bb6","#f58426",2026-06-08 12:22:08.289000000,0,0
82,2022-05-31 10:00:14.192314,2025-07-01 10:54:21.654992,"0ee3dfe2-0d70-4527-938d-fcb3ef1f99e0",true,"PHX","Suns","Phoenix",6,851,"https://d1b64mtb5sw7c4.cloudfront.net/media/teams/logos/PHX.svg","Phoenix Suns",14,17,"#1d1160","#e56020",2026-06-08 12:22:08.289000000,0,0
83,2022-05-31 10:00:14.200148,2025-08-05 04:30:04.779252,"f3354039-13db-4d41-84c4-37425ebdd45f",true,"CLE","Cavaliers","Cleveland",6,712,"https://d1b64mtb5sw7c4.cloudfront.net/media/teams/logos/CLE_PIcFr6R.svg","Cleveland Cavaliers",10,13,"#6f263d","#bc945c",2026-06-08 12:22:08.289000000,0,0
84,2022-05-31 10:00:14.208221,2025-07-01 10:54:20.695129,"7dc9428a-ab2d-428c-b861-cbbcb1c75fc9",true,"CHI","Bulls","Chicago",6,864,"https://d1b64mtb5sw7c4.cloudfront.net/media/teams/logos/CHI.svg","Chicago Bulls",10,13,"#ce1141","#000000",2026-06-08 12:22:08.289000000,0,0
85,2022-05-31 10:00:14.216382,2025-07-01 10:54:21.309903,"5ddf455a-5275-414e-9934-9f21cf7bb851",true,"MIA","Heat","Miami",6,837,"https://d1b64mtb5sw7c4.cloudfront.net/media/teams/logos/MIA_zIPX7uM.svg","Miami Heat",10,11,"#98002e","#000000",2026-06-08 12:22:08.289000000,0,0
86,2022-05-31 10:00:14.224661,2025-07-01 10:54:21.717730,"d6004666-de48-4aac-b9d7-c582d37482ef",true,"SAC","Kings","Sacramento",6,716,"https://d1b64mtb5sw7c4.cloudfront.net/media/teams/logos/SAC.svg","Sacramento Kings",14,17,"#000000","#5b2b82",2026-06-08 12:22:08.289000000,0,0
87,2022-05-31 10:00:14.232462,2025-07-01 10:54:20.661529,"3fd4a231-766a-4e27-b05c-fc0e857855cf",true,"CHA","Hornets","Charlotte",6,88,"https://d1b64mtb5sw7c4.cloudfront.net/media/teams/logos/CHA.svg","Charlotte Hornets",10,11,"#1d1160","#00788c",2026-06-08 12:22:08.289000000,0,0
88,2022-05-31 10:00:14.240297,2025-07-01 10:54:20.862104,"629d487e-4c75-4185-a519-b6fbb4a1ad90",true,"DET","Pistons","Detroit",6,224,"https://d1b64mtb5sw7c4.cloudfront.net/media/teams/logos/DET_HqIQWDH.svg","Detroit Pistons",10,13,"#c8102e","#1d428a",2026-06-08 12:22:08.289000000,0,0
89,2022-05-31 10:00:14.253454,2025-07-01 10:54:20.977301,"fce66597-fbae-4fc6-a80e-4084a2c183b7",true,"IND","Pacers","Indiana",6,87,"https://d1b64mtb5sw7c4.cloudfront.net/media/teams/logos/IND.svg","Indiana Pacers",10,13,"#002d62","#fdbb30",2026-06-08 12:22:08.289000000,0,0
90,2022-05-31 10:00:14.261369,2025-07-01 10:54:21.563841,"fb998db3-10b4-44e4-a35c-19e71d0de8b3",true,"OKC","Thunder","Oklahoma City",6,656,"https://d1b64mtb5sw7c4.cloudfront.net/media/teams/logos/OKC.svg","Oklahoma City Thunder",14,15,"#007dc3","#ef3b24",2026-06-08 12:22:08.289000000,0,0
91,2022-05-31 10:00:14.269046,2025-07-01 10:54:20.813970,"29fe7cc4-df24-4734-97dd-218bf7a7fe4f",true,"DEN","Nuggets","Denver",6,126,"https://d1b64mtb5sw7c4.cloudfront.net/media/teams/logos/DEN_BOO2OTO.svg","Denver Nuggets",14,15,"#0e2240","#ffc627",2026-06-08 12:22:08.289000000,0,0
92,2022-05-31 10:00:14.276801,2025-08-05 04:30:05.160157,"c8c0f8f7-0d12-4eee-bab2-a75bac6887ec",true,"NOP","Pelicans","New Orleans",6,862,"https://d1b64mtb5sw7c4.cloudfront.net/media/teams/logos/NOP.svg","New Orleans Pelicans",14,16,"#001641","#b9975b",2026-06-08 12:22:08.289000000,0,0
93,2022-05-31 10:00:14.286867,2025-07-01 10:54:20.538677,"ce7c972f-9e94-42ba-9faf-39db1fddd0d2",true,"ATL","Hawks","Atlanta",6,836,"https://d1b64mtb5sw7c4.cloudfront.net/media/teams/logos/ATL.svg","Atlanta Hawks",10,11,"#c8102e","#fdb927",2026-06-08 12:22:08.289000000,0,0
94,2022-05-31 10:00:14.296523,2025-07-01 10:54:21.855734,"3088b497-75bd-49b8-97ee-32aa0f70600d",true,"WAS","Wizards","Washington",6,657,"https://d1b64mtb5sw7c4.cloudfront.net/media/teams/logos/WAS_XExEAa9.svg","Washington Wizards",10,11,"#e31837","#002b5c",2026-06-08 12:22:08.289000000,0,0
95,2022-05-31 10:00:14.305612,2025-07-01 10:54:21.789161,"e165163a-d4d2-4596-9122-eb9bbd7e4322",true,"TOR","Raptors","Toronto",6,848,"https://d1b64mtb5sw7c4.cloudfront.net/media/teams/logos/TOR.svg","Toronto Raptors",10,12,"#000000","#ce1141",2026-06-08 12:22:08.289000000,0,0
96,2022-05-31 10:00:14.314036,2025-07-01 10:54:20.944518,"9bbf2965-7d9d-48d8-b36e-7e177679a125",true,"HOU","Rockets","Houston",6,89,"https://d1b64mtb5sw7c4.cloudfront.net/media/teams/logos/HOU_aq9Goxd.svg","Houston Rockets",14,16,"#ce1141","#000000",2026-06-08 12:22:08.289000000,0,0
97,2022-05-31 10:00:14.321959,2025-07-01 10:54:20.906295,"ea3144a5-a47b-4288-93df-569b8dd847a2",true,"GSW","Warriors","Golden State",6,132,"https://d1b64mtb5sw7c4.cloudfront.net/media/teams/logos/GDS.svg","Golden State Warriors",14,17,"#006bb6","#fdb927",2026-06-08 12:22:08.289000000,0,0
98,2022-05-31 10:00:14.375005,2025-07-01 10:54:23.439914,"ce41cb31-9f6b-4675-8c78-b0455b1e9e43",true,"WAS","Commanders","Washington",7,134,"https://d1b64mtb5sw7c4.cloudfront.net/media/teams/logos/WAS.svg","Washington Commanders",23,26,"#ffb612","#3f1010",2026-06-08 12:22:08.289000000,0,0
99,2022-05-31 10:00:14.384865,2025-07-01 10:54:22.652473,"fadc7d68-5407-41c1-ba3b-41efb1c56595",true,"DAL","Cowboys","Dallas",7,412,"https://d1b64mtb5sw7c4.cloudfront.net/media/teams/logos/DAL_l26Wrzw.svg","Dallas Cowboys",23,26,"#869397","#002244",2026-06-08 12:22:08.289000000,0,0
100,2022-05-31 10:00:14.393140,2026-03-28 04:30:10.314965,"1e6b7d3e-3a1e-47d6-b97c-81985413d2ec",true,"TEN","Titans","Tennessee",7,145,"https://d1b64mtb5sw7c4.cloudfront.net/media/teams/logos/TEN.svg","Tennessee Titans",18,21,"#4b92db","#c8102e",2026-06-08 12:22:08.289000000,0,0
101,2022-05-31 10:00:14.409037,2025-07-01 10:54:22.320897,"9c1b1c7b-cd0f-46f8-918a-cbd22862cd69",true,"ARI","Cardinals","Arizona",7,138,"https://d1b64mtb5sw7c4.cloudfront.net/media/teams/logos/ARI_eJEJ6Cz.svg","Arizona Cardinals",23,25,"#97233f","#000000",2026-06-08 12:22:08.289000000,0,0
102,2022-05-31 10:00:14.419405,2026-05-07 04:30:08.589314,"4c6127a2-998f-40d6-a344-be5cd87018a3",true,"HOU","Texans","Houston",7,140,"https://d1b64mtb5sw7c4.cloudfront.net/media/teams/logos/HOU_2ZyrzrN.svg","Houston Texans",18,21,"#021018","#eb0028",2026-06-08 12:22:08.289000000,0,0
103,2022-05-31 10:00:14.428307,2026-03-28 04:30:10.123385,"87c4591f-037a-4a4e-9821-0e69f73fe6b7",true,"JAC","Jaguars","Jacksonville",7,80,"https://d1b64mtb5sw7c4.cloudfront.net/media/teams/logos/JAX.svg","Jacksonville Jaguars",18,21,"#006778","#d7a22a",2026-06-08 12:22:08.289000000,0,0
104,2022-05-31 10:00:14.436506,2026-05-06 04:30:05.567255,"667264d5-dfb6-4e5a-b081-f041f61826f8",true,"BUF","Bills","Buffalo",7,1000,"https://d1b64mtb5sw7c4.cloudfront.net/media/teams/logos/BUF.svg","Buffalo Bills",18,20,"#c60c30","#00338d",2026-06-08 12:22:08.289000000,0,0
105,2022-05-31 10:00:14.444892,2026-03-28 04:30:10.756973,"920a7925-b591-42c3-bfbd-08e946528afe",true,"PIT","Steelers","Pittsburgh",7,85,"https://d1b64mtb5sw7c4.cloudfront.net/media/teams/logos/PIT_gcia7Ul.svg","Pittsburgh Steelers",18,22,"#000000","#ffb612",2026-06-08 12:22:08.289000000,0,0
106,2022-05-31 10:00:14.453330,2025-07-01 10:54:22.735715,"aff7e950-781f-4837-b3a1-f4132977ac29",true,"DET","Lions","Detroit",7,133,"https://d1b64mtb5sw7c4.cloudfront.net/media/teams/logos/DET_yaw6lGj.svg","Detroit Lions",23,27,"#b0b7bc","#0076b6",2026-06-08 12:22:08.289000000,0,0
107,2022-05-31 10:00:14.461219,2025-07-01 10:54:23.336242,"05244baf-cb89-4711-a492-15e2c541f0d8",true,"SF","49ers","San Francisco",7,407,"https://d1b64mtb5sw7c4.cloudfront.net/media/teams/logos/SF_YynC5rq.svg","San Francisco 49ers",23,25,"#aa0000","#ad995d",2026-06-08 12:22:08.289000000,0,0
108,2022-05-31 10:00:14.469429,2026-03-28 04:30:09.916801,"06e96f46-2896-4c3e-b339-b02b2ccc1054",true,"LAC","Chargers","Los Angeles",7,166,"https://d1b64mtb5sw7c4.cloudfront.net/media/teams/logos/LAC_dEZ6TdN.svg","Los Angeles Chargers",18,19,"#0080c6","#ffc20e",2026-06-08 12:22:08.289000000,0,0
109,2022-05-31 10:00:14.478496,2026-03-28 04:30:10.983660,"4ca5f2fa-d873-489d-ae16-1f62973e67f7",true,"CAR","Panthers","Carolina",7,141,"https://d1b64mtb5sw7c4.cloudfront.net/media/teams/logos/CAR.svg","Carolina Panthers",23,24,"#000000","#0085ca",2026-06-08 12:22:08.289000000,0,0
110,2022-05-31 10:00:14.486524,2026-05-07 04:30:07.837904,"9e030044-34b0-45af-bdd9-69788b5af434",true,"NYJ","Jets","New York",7,413,"https://d1b64mtb5sw7c4.cloudfront.net/media/teams/logos/NYJ.svg","New York Jets",18,20,"#125740","#ffffff",2026-06-08 12:22:08.289000000,0,0
111,2022-05-31 10:00:14.494468,2025-07-01 10:54:22.360786,"b79a08f0-990d-411c-ba5e-aef5c1b1049f",true,"ATL","Falcons","Atlanta",7,167,"https://d1b64mtb5sw7c4.cloudfront.net/media/teams/logos/ATL_BQ1oUgV.svg","Atlanta Falcons",23,24,"#a71930","#000000",2026-06-08 12:22:08.289000000,0,0
112,2022-05-31 10:00:14.502981,2025-07-01 10:54:23.233140,"74b743e1-aa6c-4ee5-8796-2db07858dd9b",true,"PHI","Eagles","Philadelphia",7,163,"https://d1b64mtb5sw7c4.cloudfront.net/media/teams/logos/PHI_f4aszec.svg","Philadelphia Eagles",23,26,"#a5acaf","#004c54",2026-06-08 12:22:08.289000000,0,0
113,2022-05-31 10:00:14.511997,2025-07-01 10:54:23.095744,"7873c13b-5746-49b9-848b-25bc43803815",true,"NE","Patriots","New England",7,79,"https://d1b64mtb5sw7c4.cloudfront.net/media/teams/logos/NE.svg","New England Patriots",18,20,"#c60c30","#002244",2026-06-08 12:22:08.289000000,0,0
114,2022-05-31 10:00:14.521141,2025-07-01 10:54:23.030153,"f3dd6e10-561b-4fa4-8667-6daa4666dc4f",true,"MIA","Dolphins","Miami",7,83,"https://d1b64mtb5sw7c4.cloudfront.net/media/teams/logos/MIA.svg","Miami Dolphins",18,20,"#fc4c02","#008e97",2026-06-08 12:22:08.289000000,0,0
115,2022-05-31 10:00:14.529338,2026-03-28 04:30:12.564875,"66beb5e4-7988-4e28-ba55-d41eba72c40c",true,"LA","Rams","Los Angeles",7,166,"https://d1b64mtb5sw7c4.cloudfront.net/media/teams/logos/LAR.svg","Los Angeles Rams",23,25,"#003594","#ffa300",2026-06-08 12:22:08.289000000,0,0
116,2022-05-31 10:00:14.537561,2025-07-01 10:54:22.528310,"c85db25a-24c0-4de1-9723-cce08764127a",true,"CHI","Bears","Chicago",7,164,"https://d1b64mtb5sw7c4.cloudfront.net/media/teams/logos/CHI_h4JraqB.svg","Chicago Bears",23,27,"#c83803","#0b162a",2026-06-08 12:22:08.289000000,0,0
117,2022-05-31 10:00:14.546008,2025-07-01 10:54:22.396535,"b1e0f278-3223-41bb-aa48-4984a2f488f1",true,"BAL","Ravens","Baltimore",7,82,"https://d1b64mtb5sw7c4.cloudfront.net/media/teams/logos/BAL_herHJRk.svg","Baltimore Ravens",18,22,"#000000","#1a195f",2026-06-08 12:22:08.289000000,0,0
118,2022-05-31 10:00:14.556739,2025-07-01 10:54:23.002404,"1d8d0594-44af-4930-88d3-8d2d5d12ca2d",true,"LV","Raiders","Las Vegas",7,143,"https://d1b64mtb5sw7c4.cloudfront.net/media/teams/logos/LV.svg","Las Vegas Raiders",18,19,"#a5acaf","#000000",2026-06-08 12:22:08.289000000,0,0
119,2022-05-31 10:00:14.564996,2026-03-28 04:30:10.519394,"9ca158a3-491f-4c71-8302-a93f8dfbf121",true,"CIN","Bengals","Cincinnati",7,144,"https://d1b64mtb5sw7c4.cloudfront.net/media/teams/logos/CIN_JXy3mEN.svg","Cincinnati Bengals",18,22,"#fb4f14","#000000",2026-06-08 12:22:08.289000000,0,0
120,2022-05-31 10:00:14.572886,2025-07-01 10:54:23.062269,"4172907c-df59-49eb-955d-d322429a7f61",true,"MIN","Vikings","Minnesota",7,408,"https://d1b64mtb5sw7c4.cloudfront.net/media/teams/logos/MIN_x5FP0An.svg","Minnesota Vikings",23,27,"#ffc62f","#4f2683",2026-06-08 12:22:08.289000000,0,0
121,2022-05-31 10:00:14.580752,2026-05-07 04:30:08.204825,"a4470c15-d33f-4556-a13c-4e8f7c3a1530",true,"IND","Colts","Indianapolis",7,146,"https://d1b64mtb5sw7c4.cloudfront.net/media/teams/logos/IND_U0QqiGL.svg","Indianapolis Colts",18,21,"#002c5f","#ffffff",2026-06-08 12:22:08.289000000,0,0
122,2022-05-31 10:00:14.588566,2026-05-07 04:30:07.435238,"e6fba4a6-e685-4678-b6a2-92884493d148",true,"KC","Chiefs","Kansas City",7,81,"https://d1b64mtb5sw7c4.cloudfront.net/media/teams/logos/KC_QWoNCa3.svg","Kansas City Chiefs",18,19,"#ffb612","#e31837",2026-06-08 12:22:08.289000000,0,0
123,2022-05-31 10:00:14.596375,2025-07-01 10:54:22.607820,"1dd57d59-2064-4b74-aefb-74a3596d98ee",true,"CLE","Browns","Cleveland",7,168,"https://d1b64mtb5sw7c4.cloudfront.net/media/teams/logos/CLE.svg","Cleveland Browns",18,22,"#ff3c00","#311d00",2026-06-08 12:22:08.289000000,0,0
124,2022-05-31 10:00:14.604003,2026-05-07 04:30:09.682047,"34ac3e83-730e-4906-af76-9293598d846a",true,"NO","Saints","New Orleans",7,411,"https://d1b64mtb5sw7c4.cloudfront.net/media/teams/logos/NO.svg","New Orleans Saints",23,24,"#d3bc8d","#000000",2026-06-08 12:22:08.289000000,0,0
125,2022-05-31 10:00:14.611866,2025-07-01 10:54:22.775122,"259b41c3-35e4-4bff-afc9-ee3eaece062f",true,"GB","Packers","Green Bay",7,40,"https://d1b64mtb5sw7c4.cloudfront.net/media/teams/logos/GB.svg","Green Bay Packers",23,27,"#ffb81c","#183028",2026-06-08 12:22:08.289000000,0,0
126,2022-05-31 10:00:14.619525,2025-07-01 10:54:23.166763,"5ea2c245-39ec-4b6e-88b8-b18f772d42e0",true,"NYG","Giants","New York",7,413,"https://d1b64mtb5sw7c4.cloudfront.net/media/teams/logos/NYG.svg","New York Giants",23,26,"#a30d2d","#012352",2026-06-08 12:22:08.289000000,0,0
127,2022-05-31 10:00:14.627586,2025-07-01 10:54:22.690511,"64b475cd-d2cb-446c-a252-a5ca1cded718",true,"DEN","Broncos","Denver",7,84,"https://d1b64mtb5sw7c4.cloudfront.net/media/teams/logos/DEN.svg","Denver Broncos",18,19,"#002244","#fb4f14",2026-06-08 12:22:08.289000000,0,0
128,2022-05-31 10:00:14.635510,2025-07-01 10:54:23.299238,"f72c38b2-0f36-4983-a494-c0fabd5a7926",true,"SEA","Seahawks","Seattle",7,165,"https://d1b64mtb5sw7c4.cloudfront.net/media/teams/logos/SEA_dB69cD6.svg","Seattle Seahawks",23,25,"#002244","#69be28",2026-06-08 12:22:08.289000000,0,0
129,2022-05-31 10:00:14.643120,2026-05-07 04:30:08.944992,"7197e4d0-8c87-41f5-9410-926b51f260ab",true,"TB","Buccaneers","Tampa Bay",7,135,"https://d1b64mtb5sw7c4.cloudfront.net/media/teams/logos/TB_XOfcz9r.svg","Tampa Bay Buccaneers",23,24,"#322f2b","#a71930",2026-06-08 12:22:08.289000000,0,0
130,2022-05-31 10:00:14.693069,2025-07-01 10:54:25.067562,"75f17a69-06f5-479c-aa89-3377c4f3c239",true,"TB","Lightning","Tampa Bay",8,106,"https://d1b64mtb5sw7c4.cloudfront.net/media/teams/logos/TBL.svg","Tampa Bay Lightning",28,29,"#002868","#ffffff",2026-06-08 12:22:08.289000000,0,0
131,2022-05-31 10:00:14.701640,2025-07-01 10:54:24.814293,"0a9ab26a-3918-4e79-b22a-0b1ff983a9a6",true,"NYR","Rangers","New York",8,108,"https://d1b64mtb5sw7c4.cloudfront.net/media/teams/logos/NYR.svg","New York Rangers",28,30,"#0038a8","#ce1126",2026-06-08 12:22:08.289000000,0,0
132,2022-05-31 10:00:14.710005,2025-07-01 10:54:24.248776,"aecbb69e-fc0e-4f38-9b99-b41a5bbd1a34",true,"CHI","Blackhawks","Chicago",8,858,"https://d1b64mtb5sw7c4.cloudfront.net/media/teams/logos/CHI_5mQrMOp.svg","Chicago Blackhawks",31,33,"#000000","#cf0a2c",2026-06-08 12:22:08.289000000,0,0
133,2022-05-31 10:00:14.717930,2025-07-01 10:54:24.161909,"c60f1da5-cd71-4449-9d0b-32e7fb521dee",true,"CBJ","Blue Jackets","Columbus",8,125,"https://d1b64mtb5sw7c4.cloudfront.net/media/teams/logos/CMB.svg","Columbus Blue Jackets",28,30,"#ce1126","#002654",2026-06-08 12:22:08.289000000,0,0
134,2022-05-31 10:00:14.726129,2025-07-01 10:54:24.678172,"c6608777-4ee2-4727-876e-ac6b1adcc4bf",true,"NJ","Devils","New Jersey",8,128,"https://d1b64mtb5sw7c4.cloudfront.net/media/teams/logos/NJD.svg","New Jersey Devils",28,30,"#000000","#ce1126",2026-06-08 12:22:08.289000000,0,0
135,2022-05-31 10:00:14.734142,2025-07-01 10:54:24.956999,"9fe83baf-4c98-46d8-beae-b2d47657302b",true,"SEA","Kraken","Seattle",8,130,"https://d1b64mtb5sw7c4.cloudfront.net/media/teams/logos/SEA_7NgY6tp.svg","Seattle Kraken",31,32,"#001628","#99d9d9",2026-06-08 12:22:08.289000000,0,0
136,2022-05-31 10:00:14.742077,2025-07-01 10:54:23.985026,"707c8f6b-c367-40f8-83da-87e4c84456e8",true,"ANA","Ducks","Anaheim",8,122,"https://d1b64mtb5sw7c4.cloudfront.net/media/teams/logos/ANA_light.svg","Anaheim Ducks",31,32,"#cf4520","#89734c",2026-06-08 12:22:08.289000000,0,0
137,2022-05-31 10:00:14.751734,2025-07-01 10:54:25.298531,"4d20603d-6172-4927-99af-bb3ad4a202a0",true,"WPG","Jets","Winnipeg",8,860,"https://d1b64mtb5sw7c4.cloudfront.net/media/teams/logos/WPG.svg","Winnipeg Jets",31,33,"#8e9090","#041e42",2026-06-08 12:22:08.289000000,0,0
138,2022-05-31 10:00:14.762168,2025-07-01 10:54:24.293162,"304d9ad2-e360-4da0-aea6-c505eca25df2",true,"COL","Avalanche","Colorado",8,113,"https://d1b64mtb5sw7c4.cloudfront.net/media/teams/logos/COL_bx4yVxU.svg","Colorado Avalanche",31,33,"#236192","#6f263d",2026-06-08 12:22:08.289000000,0,0
139,2022-05-31 10:00:14.770827,2025-07-01 10:54:24.851542,"c4c818e2-43b8-4600-acbf-291841ce2a07",true,"OTT","Senators","Ottawa",8,124,"https://d1b64mtb5sw7c4.cloudfront.net/media/teams/logos/OTT.svg","Ottawa Senators",28,29,"#000000","#da1a32",2026-06-08 12:22:08.289000000,0,0
140,2022-05-31 10:00:14.780377,2025-07-10 04:30:06.291291,"75d90d76-2ed1-42df-abf9-bc2c36b0eae8",true,"FLA","Panthers","Florida",8,109,"https://d1b64mtb5sw7c4.cloudfront.net/media/teams/logos/FLA.svg","Florida Panthers",28,29,"#041e42","#c8102e",2026-06-08 12:22:08.289000000,0,0
141,2022-05-31 10:00:14.789193,2025-07-01 10:54:24.126547,"4a2accc5-6793-4ec6-a5f1-2688bca54717",true,"CAR","Hurricanes","Carolina",8,111,"https://d1b64mtb5sw7c4.cloudfront.net/media/teams/logos/CAR_3gnNf3W.svg","Carolina Hurricanes",28,30,"#000000","#ce1126",2026-06-08 12:22:08.289000000,0,0
142,2022-05-31 10:00:14.797373,2025-07-01 10:54:24.749845,"21a8c24d-5957-429d-a673-d65509473bc1",true,"NYI","Islanders","New York",8,232,"https://d1b64mtb5sw7c4.cloudfront.net/media/teams/logos/NYI.svg","New York Islanders",28,30,"#00539b","#f47d30",2026-06-08 12:22:08.289000000,0,0
143,2022-05-31 10:00:14.806575,2025-07-01 10:54:24.339510,"64d632cb-6424-4e39-93b4-ab8903f6e570",true,"DAL","Stars","Dallas",8,847,"https://d1b64mtb5sw7c4.cloudfront.net/media/teams/logos/DAL_light.svg","Dallas Stars",31,33,"#006847","#8f8f8c",2026-06-08 12:22:08.289000000,0,0
145,2022-05-31 10:00:14.822989,2025-07-01 10:54:24.079675,"3aaa9703-bd22-4608-a4a4-fc5270004176",true,"BUF","Sabres","Buffalo",8,127,"https://d1b64mtb5sw7c4.cloudfront.net/media/teams/logos/BUF_6eHhtts.svg","Buffalo Sabres",28,29,"#003087","#ffb81c",2026-06-08 12:22:08.289000000,0,0
146,2022-05-31 10:00:14.834853,2025-07-01 10:54:24.384619,"a41729f1-5005-47d7-be86-7cc8ce2931a9",true,"DET","Red Wings","Detroit",8,116,"https://d1b64mtb5sw7c4.cloudfront.net/media/teams/logos/DET_yiSIhM0.svg","Detroit Red Wings",28,29,"#ffffff","#ce1126",2026-06-08 12:22:08.289000000,0,0
147,2022-05-31 10:00:14.843928,2025-07-01 10:54:24.717860,"9206518a-d632-4a87-b3bd-5f5f76aea626",true,"NSH","Predators","Nashville",8,94,"https://d1b64mtb5sw7c4.cloudfront.net/media/teams/logos/NSH.svg","Nashville Predators",31,33,"#ffb81c","#041e42",2026-06-08 12:22:08.289000000,0,0
148,2022-05-31 10:00:14.852136,2025-07-01 10:54:24.568848,"9f5e55d4-ffbd-4900-ab6e-2ec08666406d",true,"LA","Kings","Los Angeles",8,93,"https://d1b64mtb5sw7c4.cloudfront.net/media/teams/logos/LAK.svg","Los Angeles Kings",31,32,"#a2aaad","#111111",2026-06-08 12:22:08.289000000,0,0
149,2022-05-31 10:00:14.861012,2025-07-01 10:54:24.884665,"38368c21-6338-4d93-ad9d-d838b6b061f4",true,"PHI","Flyers","Philadelphia",8,859,"https://d1b64mtb5sw7c4.cloudfront.net/media/teams/logos/PHI_gqPbONN.svg","Philadelphia Flyers",28,30,"#000000","#f74902",2026-06-08 12:22:08.289000000,0,0
150,2022-05-31 10:00:14.868864,2025-07-01 10:54:24.601787,"2527fa9d-429a-4fe3-9b4b-a35e626dbc09",true,"MIN","Wild","Minnesota",8,104,"https://d1b64mtb5sw7c4.cloudfront.net/media/teams/logos/MIN_swfQnMW.svg","Minnesota Wild",31,33,"#024930","#e2d6b5",2026-06-08 12:22:08.289000000,0,0
151,2022-05-31 10:00:14.876972,2025-07-01 10:54:24.021627,"59b0e789-0935-4deb-b105-739e37b398d5",true,"BOS","Bruins","Boston",8,102,"https://d1b64mtb5sw7c4.cloudfront.net/media/teams/logos/BOS_yJwBpzZ.svg","Boston Bruins",28,29,"#111111","#fcb514",2026-06-08 12:22:08.289000000,0,0
152,2022-05-31 10:00:14.891413,2026-07-08 04:30:06.522893,"70043ccf-c10f-41d4-914d-9168a105cf33",true,"STL","Blues","St. Louis",8,107,"https://d1b64mtb5sw7c4.cloudfront.net/media/teams/logos/STL.svg",,31,33,"#ffb81c","#006ac6",2026-07-08 04:31:04.555000000,0,1783485006531806126
153,2022-05-31 10:00:14.905331,2025-07-01 10:54:24.995107,"38b9fae8-e880-447f-9a56-e5670bb6a02d",true,"SJ","Sharks","San Jose",8,123,"https://d1b64mtb5sw7c4.cloudfront.net/media/teams/logos/SJS.svg","San Jose Sharks",31,32,"#000000","#006d75",2026-06-08 12:22:08.289000000,0,0
154,2022-05-31 10:00:14.915012,2025-07-01 10:54:24.202717,"31a22e7d-f809-47b6-88d3-b67c688b1bd7",true,"CGY","Flames","Calgary",8,110,"https://d1b64mtb5sw7c4.cloudfront.net/media/teams/logos/CGY_p2MRIuv.svg","Calgary Flames",31,32,"#faaf19","#d2001c",2026-06-08 12:22:08.289000000,0,0
159,2022-05-31 10:00:14.943195,2025-07-01 10:54:24.919794,"7f27b257-257a-4e5f-84ee-6e71eaa6489d",true,"PIT","Penguins","Pittsburgh",8,797,"https://d1b64mtb5sw7c4.cloudfront.net/media/teams/logos/PIT_4toqP6e.svg","Pittsburgh Penguins",28,30,"#fcb514","#000000",2026-06-08 12:22:08.289000000,0,0
160,2022-05-31 10:00:14.951390,2025-07-01 10:54:25.263668,"a359e95d-8ad8-49c4-8e51-f3e0cc560999",true,"VGK","Golden Knights","Vegas",8,230,"https://d1b64mtb5sw7c4.cloudfront.net/media/teams/logos/LAV.svg","Vegas Golden Knights",31,32,"#333f48","#b9975b",2026-06-08 12:22:08.289000000,0,0
161,2022-05-31 10:00:14.959818,2025-07-01 10:54:25.124001,"172108c4-a4cf-4f4d-beda-f54e65aa56fe",true,"TOR","Maple Leafs","Toronto",8,105,"https://d1b64mtb5sw7c4.cloudfront.net/media/teams/logos/TOR_XMrsjcC.svg","Toronto Maple Leafs",28,29,"#00205b","#ffffff",2026-06-08 12:22:08.289000000,0,0
162,2022-05-31 10:00:14.968197,2025-07-01 10:54:24.638823,"383f02c0-cd35-4e6e-a402-93ba0f03d03a",true,"MTL","Canadiens","Montreal",8,129,"https://d1b64mtb5sw7c4.cloudfront.net/media/teams/logos/MTL.svg","Montreal Canadiens",28,29,"#192168","#af1e2d",2026-06-08 12:22:08.289000000,0,0
163,2022-05-31 10:00:14.976048,2025-07-01 10:54:25.333650,"be6e627b-02a6-4aa9-b24b-56b7c92e6a36",true,"WSH","Capitals","Washington",8,103,"https://d1b64mtb5sw7c4.cloudfront.net/media/teams/logos/WSH.svg","Washington Capitals",28,30,"#c8102e","#041e42",2026-06-08 12:22:08.289000000,0,0
164,2022-05-31 10:00:14.983629,2025-07-01 10:54:24.496229,"ec200ac6-0a3f-4911-bb02-0212c9888f8c",true,"EDM","Oilers","Edmonton",8,112,"https://d1b64mtb5sw7c4.cloudfront.net/media/teams/logos/EDM.svg","Edmonton Oilers",31,32,"#fc4c00","#041e42",2026-06-08 12:22:08.289000000,0,0
165,2022-05-31 10:00:14.991660,2025-07-01 10:54:25.220492,"0dff5df3-6681-41f6-9b8e-b0ca4be6748f",true,"VAN","Canucks","Vancouver",8,622,"https://d1b64mtb5sw7c4.cloudfront.net/media/teams/logos/VAN_MGukjuM.svg","Vancouver Canucks",31,32,"#0a863d","#00205b",2026-06-08 12:22:08.289000000,0,0
169,2022-05-31 10:00:15.303082,2026-03-28 04:30:34.709328,"409acc50-eaee-42df-ab91-0eab347eebcd",true,"HAW","Rainbow Warriors","Hawai'i",9,580,"https://d1b64mtb5sw7c4.cloudfront.net/media/teams/logos/hawaii-rainbow-warriors_9ax5wDG.svg","Hawai'i Rainbow Warriors",59,54,"#c8c8c8","#024731",2026-06-08 12:22:08.289000000,0,0
170,2022-05-31 10:00:15.311875,2026-06-19 04:30:16.443395,"f2e6a7ef-a0e9-43a8-8bee-2f690d942d05",true,"EIU","Panthers","Eastern Illinois",9,639,"https://d1b64mtb5sw7c4.cloudfront.net/media/teams/logos/ncaafb/eastern-illinois-panthers.svg",,292,69,"#919295","#004b83",2026-06-19 04:31:15.721000000,0,1781843416449200770
171,2022-05-31 10:00:15.319886,2026-03-28 04:31:00.826082,"ca0584e2-02eb-4ef5-8183-5bb35567ac51",true,"NCCU","Eagles","North Carolina Central",9,62,"https://d1b64mtb5sw7c4.cloudfront.net/media/teams/logos/ncaafb/north-carolina-central-eagles.svg","North Carolina Central Eagles",141,69,"#8e9093","#880023",2026-06-08 12:22:08.289000000,0,0
172,2022-05-31 10:00:15.328498,2025-07-01 10:54:43.104709,"f308f4a7-3180-4a2e-b82d-37f5a6b18933",true,"NMSU","Aggies","New Mexico State",9,534,"https://d1b64mtb5sw7c4.cloudfront.net/media/teams/logos/ncaafb/new-mexico-state-aggies.svg","New Mexico State Aggies",56,54,,,2026-06-08 12:22:08.289000000,0,0
173,2022-05-31 10:00:15.336305,2026-04-14 04:30:16.922287,"616eb87b-2f73-43e2-a5e5-0496e7840155",true,"SUU","Thunderbirds","Southern Utah",9,247,"https://d1b64mtb5sw7c4.cloudfront.net/media/teams/logos/ncaafb/southern-utah-thunderbirds.svg","Southern Utah Thunderbirds",139,69,"#c41425","#000000",2026-06-08 12:22:08.289000000,0,0
174,2022-05-31 10:00:15.344998,2026-03-28 04:30:21.995879,"01929cd9-22db-482e-b056-b805ce36bd20",true,"JVST","Gamecocks","Jacksonville State",9,664,"https://d1b64mtb5sw7c4.cloudfront.net/media/teams/logos/ncaafb/jacksonville-state-gamecocks.svg","Jacksonville State Gamecocks",56,54,"#ffffff","#cc0000",2026-06-08 12:22:08.289000000,0,0
176,2022-05-31 10:00:15.360860,2026-03-28 04:31:04.070364,"44903d72-9dc9-4681-837a-5744035b0b7f",true,"STON","Seawolves","Stony Brook",9,61,"https://d1b64mtb5sw7c4.cloudfront.net/media/teams/logos/ncaafb/stony-brook-seawolves.svg","Stony Brook Seawolves",116,69,"#16243e","#990000",2026-06-08 12:22:08.289000000,0,0
177,2022-05-31 10:00:15.369139,2026-03-28 04:31:04.779381,"b4ee9aaf-3cd1-4f4f-b46e-b7e35a96f675",true,"UNH","Wildcats","New Hampshire",9,191,"https://d1b64mtb5sw7c4.cloudfront.net/media/teams/logos/ncaafb/new-hampshire-wildcats.svg","New Hampshire Wildcats",116,69,"#bbbcbc","#041e42",2026-06-08 12:22:08.289000000,0,0
178,2022-05-31 10:00:15.381524,2026-03-28 04:31:13.372328,"b6e3701e-d521-4255-be68-6e023228e91e",true,"SAM","Bulldogs","Samford",9,640,"https://d1b64mtb5sw7c4.cloudfront.net/media/teams/logos/ncaafb/samford-bulldogs.svg","Samford Bulldogs",136,69,"#002649","#c4161d",2026-06-08 12:22:08.289000000,0,0
179,2022-05-31 10:00:15.390973,2026-03-28 04:31:17.928778,"47c42f5b-20fe-46af-ac6a-640fdee25f7d",true,"LIU","Sharks","LIU",9,250,"https://d1b64mtb5sw7c4.cloudfront.net/media/teams/logos/ncaafb/liu-sharks.svg","LIU Sharks",135,69,"#69b3e7","#ffc72c",2026-06-08 12:22:08.289000000,0,0
182,2022-05-31 10:00:15.416798,2026-03-28 04:31:15.788078,"8c28da17-4e08-45ac-9369-3720bb3bad47",true,"DRKE","Bulldogs","Drake",9,592,"https://d1b64mtb5sw7c4.cloudfront.net/media/teams/logos/ncaafb/drake-bulldogs.svg","Drake Bulldogs",127,69,"#004477","#999999",2026-06-08 12:22:08.289000000,0,0
184,2022-05-31 10:00:15.431003,2026-03-28 04:31:03.039865,"9f5c909e-fcf5-4a11-b2e0-b4dd299dcf1b",true,"ME","Black Bears","Maine",9,548,"https://d1b64mtb5sw7c4.cloudfront.net/media/teams/logos/ncaafb/maine-black-bears.svg","Maine Black Bears",116,69,"#b0d7ff","#003263",2026-06-08 12:22:08.289000000,0,0
188,2022-05-31 10:00:15.468755,2026-03-28 04:30:55.926005,"7331b851-d856-4596-b740-49ef5b7f4ec3",true,"LEH","Mountain Hawks","Lehigh",9,515,"https://d1b64mtb5sw7c4.cloudfront.net/media/teams/logos/ncaafb/lehigh-mountain-hawks.svg","Lehigh Mountain Hawks",125,69,"#ffd24f","#653600",2026-06-08 12:22:08.289000000,0,0
189,2022-05-31 10:00:15.476370,2026-03-28 04:31:01.810423,"c672f559-c055-451f-93d6-c9fb3fb6f653",true,"YSU","Penguins","Youngstown State",9,468,"https://d1b64mtb5sw7c4.cloudfront.net/media/teams/logos/ncaafb/youngstown-state-penguins.svg","Youngstown State Penguins",149,69,"#f3d54e","#c8102e",2026-06-08 12:22:08.289000000,0,0
191,2022-05-31 10:00:15.498035,2026-03-28 04:31:08.154403,"1886c089-554d-4e02-b4fc-ffbd001db5ff",true,"WEB","Wildcats","Weber State",9,688,"https://d1b64mtb5sw7c4.cloudfront.net/media/teams/logos/ncaafb/weber-state-wildcats.svg","Weber State Wildcats",139,69,"#4b2682","#a1a1a4",2026-06-08 12:22:08.289000000,0,0
192,2022-05-31 10:00:15.506673,2026-03-28 04:31:14.587477,"f7358835-2bcb-478e-a7e7-bf2854f0024c",true,"CHAT","Mocs","Chattanooga",9,519,"https://d1b64mtb5sw7c4.cloudfront.net/media/teams/logos/ncaafb/chattanooga-mocs.svg","Chattanooga Mocs",136,69,"#e0aa0f","#00386b",2026-06-08 12:22:08.289000000,0,0
193,2022-05-31 10:00:15.515178,2026-03-28 04:31:11.619409,"2b26c7b4-cd73-472f-a1cc-067c69f6fc7e",true,"PEAY","Governors","Austin Peay",9,561,"https://d1b64mtb5sw7c4.cloudfront.net/media/teams/logos/ncaafb/austin-peay-governors.svg","Austin Peay Governors",115,69,"#c41e3a","#ffffff",2026-06-08 12:22:08.289000000,0,0
195,2022-05-31 10:00:15.533311,2026-06-19 04:30:16.821366,"0f20bfae-a142-4667-b883-987feb5e6790",true,"SEMO","Redhawks","Southeast Missouri State",9,642,,,292,69,"#c8102e","#000000",2026-06-19 04:31:15.721000000,0,1781843416828664771
196,2022-05-31 10:00:15.542339,2026-03-28 04:30:57.769582,"efa780cc-8246-4f28-b40b-ee00880f71b2",true,"LAM","Cardinals","Lamar",9,471,"https://d1b64mtb5sw7c4.cloudfront.net/media/teams/logos/ncaafb/lamar-cardinals.svg","Lamar Cardinals",70,69,"#ffffff","#dc0032",2026-06-08 12:22:08.289000000,0,0
203,2022-05-31 10:00:15.591897,2026-03-28 04:30:35.305575,"4a8836ae-9df6-4e8e-9f1d-91cd50ddf23c",true,"UNLV","Rebels","UNLV",9,655,"https://d1b64mtb5sw7c4.cloudfront.net/media/teams/logos/unlv-rebels.svg","UNLV Rebels",59,54,"#cac8c8","#cf0a2c",2026-06-08 12:22:08.289000000,0,0
204,2022-05-31 10:00:15.600682,2026-03-28 04:31:07.144187,"8c7e4e7b-09ec-4c44-80d1-790147cda7a9",true,"EWU","Eagles","Eastern Washington",9,199,"https://d1b64mtb5sw7c4.cloudfront.net/media/teams/logos/ncaafb/eastern-washington-eagles.svg","Eastern Washington Eagles",139,69,"#ffffff","#a10022",2026-06-08 12:22:08.289000000,0,0
208,2022-05-31 10:00:15.631032,2026-03-28 04:30:24.365183,"65e6d7c9-f98f-4e26-83ae-60e575eaacb2",true,"EMU","Eagles","Eastern Michigan",9,416,"https://d1b64mtb5sw7c4.cloudfront.net/media/teams/logos/ncaafb/eastern-michigan-eagles.svg","Eastern Michigan Eagles",57,54,"#000000","#006633",2026-06-08 12:22:08.289000000,0,0
209,2022-05-31 10:00:15.639276,2026-03-28 04:31:01.241888,"ccc8885c-466a-498d-aaa7-6e031ab5b115",true,"SDAK","Coyotes","South Dakota",9,539,"https://d1b64mtb5sw7c4.cloudfront.net/media/teams/logos/ncaafb/south-dakota-coyotes.svg","South Dakota Coyotes",149,69,"#b4b4b4","#ad0000",2026-06-08 12:22:08.289000000,0,0
212,2022-05-31 10:00:15.664509,2026-03-28 04:31:16.100440,"3156e64e-c3af-45b6-a2a2-3d96ca95718c",true,"DAY","Flyers","Dayton",9,625,"https://d1b64mtb5sw7c4.cloudfront.net/media/teams/logos/ncaafb/dayton-flyers.svg","Dayton Flyers",127,69,"#ce1141","#004b8d",2026-06-08 12:22:08.289000000,0,0
213,2022-05-31 10:00:15.676035,2026-03-28 04:31:17.199254,"84fd91ac-2054-4b9a-ae81-98e88b38edcb",true,"RMU","Colonials","Robert Morris",9,678,"https://d1b64mtb5sw7c4.cloudfront.net/media/teams/logos/ncaafb/robert-morris-colonials.svg","Robert Morris Colonials",135,69,"#14234b","#a6192e",2026-06-08 12:22:08.289000000,0,0
214,2022-05-31 10:00:15.686799,2026-04-14 04:30:15.664313,"489ee73d-4942-40fe-b03d-520ff75f1d3e",true,"VILL","Wildcats","Villanova",9,703,"https://d1b64mtb5sw7c4.cloudfront.net/media/teams/logos/ncaafb/villanova-wildcats.svg","Villanova Wildcats",125,69,"#13b5ea","#00205b",2026-06-08 12:22:08.289000000,0,0
218,2022-05-31 10:00:15.730411,2026-03-28 04:30:55.492917,"1164d25b-41ff-4a43-a2d3-82bbf686e2b3",true,"GTWN","Hoyas","Georgetown",9,508,"https://d1b64mtb5sw7c4.cloudfront.net/media/teams/logos/ncaafb/georgetown-hoyas.svg","Georgetown Hoyas",125,69,"#041e42","#8d817b",2026-06-08 12:22:08.289000000,0,0
219,2022-05-31 10:00:15.740734,2026-03-28 04:31:16.514767,"54f648fb-15ee-403a-881c-136075c9d403",true,"MRST","Red Foxes","Marist",9,635,"https://d1b64mtb5sw7c4.cloudfront.net/media/teams/logos/ncaafb/marist-red-foxes.svg","Marist Red Foxes",127,69,"#b2b2b2","#c8102e",2026-06-08 12:22:08.289000000,0,0
223,2022-05-31 10:00:15.779919,2026-03-28 04:31:01.495923,"ca1eee1a-ac53-4247-a837-12863413f462",true,"SDST","Jackrabbits","South Dakota State",9,571,"https://d1b64mtb5sw7c4.cloudfront.net/media/teams/logos/ncaafb/south-dakota-state-jackrabbits.svg","South Dakota State Jackrabbits",149,69,"#ffd100","#0033a0",2026-06-08 12:22:08.289000000,0,0
224,2022-05-31 10:00:15.790220,2026-03-28 04:30:55.324223,"0d08c328-4057-464d-ae8f-0c79dd5e4c22",true,"HC","Crusaders","Holy Cross",9,650,"https://d1b64mtb5sw7c4.cloudfront.net/media/teams/logos/ncaafb/holy-cross-crusaders.svg","Holy Cross Crusaders",125,69,"#ffffff","#602d89",2026-06-08 12:22:08.289000000,0,0
225,2022-05-31 10:00:15.805606,2026-03-28 04:30:15.006402,"9845500f-ea1d-4610-a6a7-bfacc8bb0443",true,"STAN","Cardinal","Stanford",9,697,"https://d1b64mtb5sw7c4.cloudfront.net/media/teams/logos/ncaafb/stanford-cardinal.svg","Stanford Cardinal",55,54,"#8c1515","#4d4f53",2026-06-08 12:22:08.289000000,0,0
228,2022-05-31 10:00:15.840064,2026-03-28 04:30:56.267934,"7da91aa2-b1b0-43b8-b473-81a350962d37",true,"FOR","Rams","Fordham",9,187,"https://d1b64mtb5sw7c4.cloudfront.net/media/teams/logos/ncaafb/fordham-rams.svg","Fordham Rams",125,69,"#860038","#ffffff",2026-06-08 12:22:08.289000000,0,0
229,2022-05-31 10:00:15.850296,2026-03-28 04:31:14.457422,"5a6ed435-37ba-4e3a-bcee-bff051d62c62",true,"VMI","Keydets","VMI",9,602,,"VMI Keydets",136,69,"#a71f23","#ffd520",2026-06-08 12:22:08.289000000,0,0
230,2022-05-31 10:00:15.860782,2026-03-28 04:31:16.809107,"ed19c94e-a739-4be1-93d8-ba70582164de",true,"DAV","Wildcats","Davidson",9,986,"https://d1b64mtb5sw7c4.cloudfront.net/media/teams/logos/ncaafb/davidson-wildcats.svg","Davidson Wildcats",127,69,"#ac1a2f","#000000",2026-06-08 12:22:08.289000000,0,0
231,2022-05-31 10:00:15.875432,2026-03-28 04:31:14.904358,"4e0d514c-41f0-4da5-b8f7-e6dcc29685d2",true,"FUR","Paladins","Furman",9,415,"https://d1b64mtb5sw7c4.cloudfront.net/media/teams/logos/ncaafb/furman-paladins.svg","Furman Paladins",136,69,"#582c83","#201547",2026-06-08 12:22:08.289000000,0,0
232,2022-05-31 10:00:15.886765,2025-07-01 10:54:48.894751,"085e9062-339e-4eb8-a6ee-01632d2733d9",true,"UST","Tommies","St. Thomas",9,604,,"St. Thomas Tommies",127,69,,,2026-06-08 12:22:08.289000000,0,0
233,2022-05-31 10:00:15.892211,2025-07-01 10:54:45.515250,"94fe91a9-0716-4cd0-b63e-e7ba9135f384",true,"SFIL","Fighting Saints","St. Francis (IL)",9,,,"St. Francis (IL) Fighting Saints",134,113,,,2026-06-08 12:22:08.289000000,0,0
234,2022-05-31 10:00:15.904532,2026-03-28 04:30:56.551760,"7d160dcd-f477-4792-ac96-666cd2d66244",true,"RICH","Spiders","Richmond",9,510,"https://d1b64mtb5sw7c4.cloudfront.net/media/teams/logos/ncaafb/richmond-spiders.svg","Richmond Spiders",125,69,"#990000","#000066",2026-06-08 12:22:08.289000000,0,0
235,2022-05-31 10:00:15.919418,2026-03-28 04:31:00.185678,"715da86d-810c-4d16-b23a-95651221d106",true,"HOW","Bison","Howard",9,253,"https://d1b64mtb5sw7c4.cloudfront.net/media/teams/logos/ncaafb/howard-bison.svg","Howard Bison",141,69,"#e51937","#003a63",2026-06-08 12:22:08.289000000,0,0
236,2022-05-31 10:00:15.934416,2026-03-28 04:31:03.596836,"c9a6710c-ae7d-40f3-9823-a8b25021a911",true,"ELON","Phoenix","Elon",9,417,"https://d1b64mtb5sw7c4.cloudfront.net/media/teams/logos/ncaafb/elon-phoenix.svg","Elon Phoenix",116,69,"#b59a57","#73000a",2026-06-08 12:22:08.289000000,0,0
237,2022-05-31 10:00:15.948589,2026-03-28 04:31:15.038152,"15e8e3bd-3559-4075-bdf7-24170928d12d",true,"WOF","Terriers","Wofford",9,662,"https://d1b64mtb5sw7c4.cloudfront.net/media/teams/logos/ncaafb/wofford-terriers.svg","Wofford Terriers",136,69,"#000000","#886e4c",2026-06-08 12:22:08.289000000,0,0
240,2022-05-31 10:00:15.997854,2026-03-28 04:31:06.831645,"cb1d3a4a-db46-451e-8a2e-064bfb4152c1",true,"IDST","Bengals","Idaho State",9,606,"https://d1b64mtb5sw7c4.cloudfront.net/media/teams/logos/ncaafb/idaho-state-bengals.svg","Idaho State Bengals",139,69,"#ff671f","#000000",2026-06-08 12:22:08.289000000,0,0
241,2022-05-31 10:00:16.022760,2026-03-28 04:31:01.180237,"af0233ce-fdf3-4353-b9ab-fb2cc514dc0b",true,"UND","Fighting Hawks","North Dakota",9,632,"https://d1b64mtb5sw7c4.cloudfront.net/media/teams/logos/ncaafb/north-dakota-fighting-hawks.svg","North Dakota Fighting Hawks",149,69,"#009a44","#aaaead",2026-06-08 12:22:08.289000000,0,0
247,2022-05-31 10:00:16.108213,2026-03-28 04:31:15.355535,"5d799350-3c5f-4213-91f2-2cce8ac2afaf",true,"VALP","Beacons","Valparaiso",9,520,,"Valparaiso Beacons",127,69,"#381e0e","#613318",2026-06-08 12:22:08.289000000,0,0
251,2022-05-31 10:00:16.158140,2026-03-28 04:31:06.947139,"1af5f6a5-9fdc-41e8-a267-65a05dce51bc",true,"MTST","Bobcats","Montana State",9,74,"https://d1b64mtb5sw7c4.cloudfront.net/media/teams/logos/montana-state-bobcats.svg","Montana State Bobcats",139,69,"#b9975b","#00205b",2026-06-08 12:22:08.289000000,0,0
254,2022-05-31 10:00:16.195721,2026-03-28 04:31:15.457689,"a7cfb64b-f724-4ed3-98e2-88e8eefb3e4e",true,"PRE","Blue Hose","Presbyterian",9,673,"https://d1b64mtb5sw7c4.cloudfront.net/media/teams/logos/ncaafb/presbyterian-blue-hose.svg","Presbyterian Blue Hose",127,69,"#9d2235","#0060a9",2026-06-08 12:22:08.289000000,0,0
256,2022-05-31 10:00:16.404735,2026-03-28 04:30:59.632010,"c6ce8def-bb36-47c9-9874-cf7512a8a6d5",true,"MORG","Bears","Morgan State",9,680,"https://d1b64mtb5sw7c4.cloudfront.net/media/teams/logos/ncaafb/morgan-state-bears.svg","Morgan State Bears",141,69,"#f47937","#1b4383",2026-06-08 12:22:08.289000000,0,0
259,2022-05-31 10:00:16.476088,2025-07-01 10:54:36.749152,"76ebe4cc-018e-4030-9491-8a77f9fafa92",true,"DSU","Hornets","Delaware State",9,671,"https://d1b64mtb5sw7c4.cloudfront.net/media/teams/logos/ncaafb/delaware-state-hornets.svg","Delaware State Hornets",141,69,,,2026-06-08 12:22:08.289000000,0,0
264,2022-05-31 10:00:16.584207,2026-06-19 04:30:17.151786,"0de5ace9-b2d9-46a9-83ea-0f14959a6068",true,"WEBB","Runnin' Bulldogs","Gardner-Webb",9,629,,,292,69,"#ffffff","#bf2f37",2026-06-19 04:31:15.721000000,0,1781843417156199461
265,2022-05-31 10:00:16.601844,2026-03-28 04:31:15.998785,"78b7875c-5c05-4912-bfc2-b34bbaa84102",true,"MORE","Eagles","Morehead State",9,626,"https://d1b64mtb5sw7c4.cloudfront.net/media/teams/logos/ncaafb/morehead-state-eagles.svg","Morehead State Eagles",127,69,"#005eb8","#ffcf00",2026-06-08 12:22:08.289000000,0,0
266,2022-05-31 10:00:16.613790,2026-03-28 04:31:13.772332,"7e46f4eb-71e2-44dc-b822-d3b432813692",true,"WCU","Catamounts","Western Carolina",9,674,"https://d1b64mtb5sw7c4.cloudfront.net/media/teams/logos/ncaafb/western-carolina-catamounts.svg","Western Carolina Catamounts",136,69,"#592c88","#c1a875",2026-06-08 12:22:08.289000000,0,0
267,2022-05-31 10:00:16.624521,2026-03-28 04:31:03.787056,"8c1c22ef-caa8-4d20-a72e-9b1e4000ea76",true,"HAMP","Pirates","Hampton",9,681,"https://d1b64mtb5sw7c4.cloudfront.net/media/teams/logos/ncaafb/hampton-pirates.svg","Hampton Pirates",116,69,"#ffffff","#0060a9",2026-06-08 12:22:08.289000000,0,0
270,2022-05-31 10:00:16.651946,2026-03-28 04:30:55.152872,"fa87cbc0-ec73-451c-9df4-e79ee7e10bde",true,"BUCK","Bison","Bucknell",9,252,"https://d1b64mtb5sw7c4.cloudfront.net/media/teams/logos/ncaafb/bucknell-bison.svg","Bucknell Bison",125,69,"#e87722","#003865",2026-06-08 12:22:08.289000000,0,0
271,2022-05-31 10:00:16.662061,2026-04-02 04:30:14.280827,"a3373f8e-ea6c-453a-b82a-eb26ca5be5a7",true,"URI","Rams","Rhode Island",9,998,"https://d1b64mtb5sw7c4.cloudfront.net/media/teams/logos/ncaafb/rhode-island-rams.svg","Rhode Island Rams",116,69,"#002147","#68abe8",2026-06-08 12:22:08.289000000,0,0
272,2022-05-31 10:00:16.673443,2026-03-28 04:31:03.136125,"b5cff851-b278-4679-b180-bd9c03d621e4",true,"BRY","Bulldogs","Bryant",9,549,,"Bryant Bulldogs",116,69,"#b4975b","#c9bb8c",2026-06-08 12:22:08.289000000,0,0
274,2022-05-31 10:00:16.704475,2026-03-28 04:31:03.342612,"2a1bf606-15f2-40b8-8b2e-24534fa03b2a",true,"CAMP","Fighting Camels","Campbell",9,188,"https://d1b64mtb5sw7c4.cloudfront.net/media/teams/logos/ncaafb/campbell-fighting-camels.svg","Campbell Fighting Camels",116,69,"#f58025","#231f20",2026-06-08 12:22:08.289000000,0,0
277,2022-05-31 10:00:16.738028,2026-03-28 04:31:00.140067,"80ef38f6-f550-44fb-b3a7-6be83a2c4f06",true,"SCST","Bulldogs","South Carolina State",9,245,"https://d1b64mtb5sw7c4.cloudfront.net/media/teams/logos/ncaafb/south-carolina-state-bulldogs.svg","South Carolina State Bulldogs",141,69,"#001a72","#862633",2026-06-08 12:22:08.289000000,0,0
281,2022-05-31 10:00:16.774320,2026-03-28 04:31:12.048295,"e853f2ad-d459-4134-ba64-8a37faf80086",true,"TARL","Texans","Tarleton State",9,525,"https://d1b64mtb5sw7c4.cloudfront.net/media/teams/logos/ncaafb/tarleton-state-texans.svg","Tarleton State Texans",115,69,"#ffffff","#4f2170",2026-06-08 12:22:08.289000000,0,0
284,2022-05-31 10:00:16.797799,2026-03-28 04:31:03.536977,"c090a737-7927-4f7f-b3a3-9f2517acae45",true,"MONM","Hawks","Monmouth",9,666,"https://d1b64mtb5sw7c4.cloudfront.net/media/teams/logos/ncaafb/monmouth-hawks.svg","Monmouth Hawks",116,69,"#53565a","#041e42",2026-06-08 12:22:08.289000000,0,0
285,2022-05-31 10:00:16.805484,2026-03-28 04:30:58.005779,"0e7621ff-0818-4e86-97ed-296123fd09f6",true,"NICH","Colonels","Nicholls State",9,248,,"Nicholls State Colonels",70,69,"#72808a","#ae132a",2026-06-08 12:22:08.289000000,0,0
287,2022-05-31 10:00:16.827687,2026-03-28 04:31:09.148132,"4635fb8b-06e2-4d74-9755-f269a8c4064f",true,"ARPB","Golden Lions","Arkansas-Pine Bluff",9,53,"https://d1b64mtb5sw7c4.cloudfront.net/media/teams/logos/ncaafb/arkansas-pine-bluff-golden-lions.svg","Arkansas-Pine Bluff Golden Lions",112,69,"#eeb310","#e31837",2026-06-08 12:22:08.289000000,0,0
289,2022-05-31 10:00:16.844237,2026-03-28 04:31:00.484777,"558dac31-7cf6-4b84-907d-7fd6b1ad18a2",true,"NORF","Spartans","Norfolk State",9,687,"https://d1b64mtb5sw7c4.cloudfront.net/media/teams/logos/ncaafb/norfolk-state-spartans.svg","Norfolk State Spartans",141,69,"#f3d03e","#007a53",2026-06-08 12:22:08.289000000,0,0
293,2022-05-31 10:00:16.876732,2026-03-28 04:31:10.951940,"4546eb02-edf2-42bd-8bd8-8abcaecd2cbe",true,"CARK","Bears","Central Arkansas",9,634,"https://d1b64mtb5sw7c4.cloudfront.net/media/teams/logos/ncaafb/central-arkansas-bears.svg","Central Arkansas Bears",115,69,"#818a8f","#4f2d7f",2026-06-08 12:22:08.289000000,0,0
294,2022-05-31 10:00:16.884593,2026-03-28 04:31:11.776580,"91eecac6-f76c-4665-b039-186792126c22",true,"UNA","Lions","North Alabama",9,551,,"North Alabama Lions",115,69,"#db9f11","#46166b",2026-06-08 12:22:08.289000000,0,0
296,2022-05-31 10:00:16.900372,2026-04-14 04:30:15.277512,"ef63f7ba-c83f-4bc0-8e8a-86c4bca7fe59",true,"WM","Tribe","William & Mary",9,193,,"William & Mary Tribe",125,69,"#115740","#f0b323",2026-06-08 12:22:08.289000000,0,0
297,2022-05-31 10:00:16.908498,2026-03-28 04:31:15.738667,"96e82ed0-8594-4478-b915-a4f3c44be6ee",true,"BUT","Bulldogs","Butler",9,185,"https://d1b64mtb5sw7c4.cloudfront.net/media/teams/logos/ncaafb/butler-bulldogs.svg","Butler Bulldogs",127,69,"#747678","#13294b",2026-06-08 12:22:08.289000000,0,0
302,2022-05-31 10:00:16.949017,2026-03-28 04:31:13.453047,"be1814da-da54-476c-9e3d-9ecbc25229d7",true,"ETSU","Buccaneers","East Tennessee State",9,73,"https://d1b64mtb5sw7c4.cloudfront.net/media/teams/logos/ncaafb/east-tennessee-state-buccaneers.svg","East Tennessee State Buccaneers",136,69,"#00205b","#c5b783",2026-06-08 12:22:08.289000000,0,0
303,2022-05-31 10:00:16.958356,2026-03-28 04:31:10.669762,"79669d35-ac40-44b1-a418-239a6b0f195f",true,"TXSO","Tigers","Texas Southern",9,675,"https://d1b64mtb5sw7c4.cloudfront.net/media/teams/logos/ncaafb/texas-southern-tigers.svg","Texas Southern Tigers",112,69,"#9da6ab","#7c183e",2026-06-08 12:22:08.289000000,0,0
304,2022-05-31 10:00:16.967657,2026-03-28 04:31:09.781745,"27b25737-9330-4c36-bc73-2ec4968d7344",true,"PV","Panthers","Prairie View A&M",9,533,,"Prairie View A&M Panthers",112,69,"#ffcc33","#330066",2026-06-08 12:22:08.289000000,0,0
307,2022-05-31 10:00:16.992151,2026-04-14 04:30:17.245070,"9c3e3e80-0c82-468a-b762-b1bb01af87f7",true,"UTU","Trailblazers","Utah Tech",9,647,"https://d1b64mtb5sw7c4.cloudfront.net/media/teams/logos/ncaafb/dixie-state-trailblazers.svg","Utah Tech Trailblazers",139,69,"#ffffff","#c41e3a",2026-06-08 12:22:08.289000000,0,0
308,2022-05-31 10:00:17.000135,2026-04-14 04:30:10.367005,"d2d35fc2-96f8-4409-a4d6-b798ceeadd0b",true,"SAC","Hornets","Sacramento State",9,617,"https://d1b64mtb5sw7c4.cloudfront.net/media/teams/logos/ncaafb/sacramento-state-hornets.svg","Sacramento State Hornets",57,54,"#c4b581","#043927",2026-06-08 12:22:08.289000000,0,0
313,2022-05-31 10:00:17.038897,2026-03-28 04:30:19.263188,"d550919b-3a34-4a77-ae63-b8279b7c343c",true,"FSU","Seminoles","Florida State",9,554,"https://d1b64mtb5sw7c4.cloudfront.net/media/teams/logos/ncaafb/florida-state-seminoles.svg","Florida State Seminoles",55,54,"#ceb888","#782f40",2026-06-08 12:22:08.289000000,0,0
314,2022-05-31 10:00:17.047362,2026-06-19 04:30:15.400091,"8b87093c-8cf9-4b68-a2b3-e924cbb11da8",true,"CHSO","Buccaneers","Charleston Southern",9,623,"https://d1b64mtb5sw7c4.cloudfront.net/media/teams/logos/ncaafb/charleston-southern-buccaneers.svg",,292,69,"#a8996e","#002855",2026-06-19 04:31:15.721000000,0,1781843415441566361
319,2022-05-31 10:00:17.075112,2025-07-01 10:54:39.906160,"a9dcc593-fe4e-4c1a-b60b-f5e72c51a936",true,"LC","Wildcats","Louisiana Christian",9,,,"Louisiana Christian Wildcats",118,113,,,2026-06-08 12:22:08.289000000,0,0
320,2022-05-31 10:00:17.079772,2026-06-19 04:30:16.028510,"761e68fd-1eb2-48cc-8db3-f611f53ddf93",true,"LINW","Lions","Lindenwood",9,919,,,292,69,"#101820","#b5a36a",2026-06-19 04:31:15.721000000,0,1781843416035753085
323,2022-05-31 10:00:17.098191,2025-07-01 10:54:49.223949,"64b3deb2-17fa-4aea-8072-4105a50daa41",true,"UVAW","Cavaliers","UVA Wise",9,,,"UVA Wise Cavaliers",36,34,,,2026-06-08 12:22:08.289000000,0,0
331,2022-05-31 10:00:17.155000,2025-07-01 10:54:50.580863,"cccc6666-5637-43d1-bf6f-07b693c066d1",true,"WSSU","Rams","Winston-Salem State",9,,,"Winston-Salem State Rams",39,34,,,2026-06-08 12:22:08.289000000,0,0
335,2022-05-31 10:00:17.175610,2025-07-01 10:54:49.080986,"4a01df95-8298-487d-9ea9-984db94c19f0",true,"UTPB","Falcons","Texas Permian Basin",9,,,"Texas Permian Basin Falcons",47,34,,,2026-06-08 12:22:08.289000000,0,0
337,2022-05-31 10:00:17.187685,2025-07-01 10:54:49.501336,"531c8a58-df17-4d52-be54-9bd3d81e5b06",true,"VLB","Dragons","Virginia-Lynchburg",9,,"https://d1b64mtb5sw7c4.cloudfront.net/media/teams/logos/ncaafb/virginia-lynchburg-dragons.svg","Virginia-Lynchburg Dragons",132,131,,,2026-06-08 12:22:08.289000000,0,0
343,2022-05-31 10:00:17.217787,2026-03-28 04:31:08.931806,"a809cf56-e416-4e4b-8570-5d88eed011aa",true,"MVSU","Delta Devils","Mississippi Valley State",9,246,"https://d1b64mtb5sw7c4.cloudfront.net/media/teams/logos/ncaafb/mississippi-valley-state-delta-devils.svg","Mississippi Valley State Delta Devils",112,69,"#e51937","#00703c",2026-06-08 12:22:08.289000000,0,0
345,2022-05-31 10:00:17.236015,2026-04-14 04:30:17.973404,"68f65e97-dd1d-4e74-8b13-04f027ff9e89",true,"TNTC","Golden Eagles","Tennessee Tech",9,511,"https://d1b64mtb5sw7c4.cloudfront.net/media/teams/logos/ncaafb/tennessee-tech-golden-eagles.svg","Tennessee Tech Golden Eagles",136,69,"#4f2984","#ffdd00",2026-06-08 12:22:08.289000000,0,0
349,2022-05-31 10:00:17.269242,2026-03-28 04:31:17.748948,"d6d89d5b-4f25-49a7-9010-44e4edb3297d",true,"WAG","Seahawks","Wagner",9,555,"https://d1b64mtb5sw7c4.cloudfront.net/media/teams/logos/ncaafb/wagner-seahawks.svg","Wagner Seahawks",135,69,"#b9bbbd","#00483a",2026-06-08 12:22:08.289000000,0,0
351,2022-05-31 10:00:17.284998,2026-03-28 04:31:14.125893,"6d9c5038-8ff2-4541-b0e3-22662a76cf80",true,"CIT","Bulldogs","The Citadel",9,630,,"The Citadel Bulldogs",136,69,"#3975b7","#1f3a60",2026-06-08 12:22:08.289000000,0,0
352,2022-05-31 10:00:17.300937,2026-03-28 04:31:12.985612,"ef726ec1-35cc-4f97-9792-1ac97e51b416",true,"MER","Bears","Mercer",9,552,"https://d1b64mtb5sw7c4.cloudfront.net/media/teams/logos/ncaafb/mercer-bears.svg","Mercer Bears",136,69,"#000000","#f76800",2026-06-08 12:22:08.289000000,0,0
355,2022-05-31 10:00:17.320919,2026-03-28 04:31:06.100323,"bb89ca3f-559f-4e61-9ae3-02f310e409fd",true,"UCD","Aggies","UC Davis",9,644,"https://d1b64mtb5sw7c4.cloudfront.net/media/teams/logos/ncaafb/uc-davis-aggies.svg","UC Davis Aggies",139,69,"#002855","#b3a369",2026-06-08 12:22:08.289000000,0,0
357,2022-05-31 10:00:17.336670,2026-06-19 04:30:17.591954,"991909cb-bb8d-4983-8e80-e3cad80da590",true,"UTM","Skyhawks","Tennessee-Martin",9,588,"https://d1b64mtb5sw7c4.cloudfront.net/media/teams/logos/ncaafb/tennessee-martin-skyhawks.svg",,292,69,"#002a5b","#f79728",2026-06-19 04:31:15.721000000,0,1781843417598455844
359,2022-05-31 10:00:17.353530,2026-03-28 04:31:17.162039,"2730287f-8c3b-4d56-b305-e8eb9fa062b1",true,"CCSU","Blue Devils","Central Connecticut State",9,599,,"Central Connecticut State Blue Devils",135,69,"#00539b","#ffffff",2026-06-08 12:22:08.289000000,0,0
361,2022-05-31 10:00:17.372692,2026-03-28 04:31:06.529695,"8b0e7d86-ae5e-4c10-80a6-241fe0e2fd38",true,"UNCO","Bears","Northern Colorado",9,663,"https://d1b64mtb5sw7c4.cloudfront.net/media/teams/logos/ncaafb/northern-colorado-bears.svg","Northern Colorado Bears",139,69,"#013c65","#f6b000",2026-06-08 12:22:08.289000000,0,0
362,2022-05-31 10:00:17.380305,2026-03-28 04:30:56.115720,"7dd2f76f-a77c-49c3-abf2-605127c096d0",true,"COLG","Raiders","Colgate",9,677,"https://d1b64mtb5sw7c4.cloudfront.net/media/teams/logos/ncaafb/colgate-raiders.svg","Colgate Raiders",125,69,"#821019","#e10028",2026-06-08 12:22:08.289000000,0,0
363,2022-05-31 10:00:17.387955,2026-03-28 04:30:57.419804,"994d0b8f-fe18-4a78-bdd1-dc7d334e1d13",true,"MRMK","Warriors","Merrimack",9,517,"https://d1b64mtb5sw7c4.cloudfront.net/media/teams/logos/merrimack-warriors.svg","Merrimack Warriors",153,69,"#fdb813","#003768",2026-06-08 12:22:08.289000000,0,0
364,2022-05-31 10:00:17.392365,2026-04-14 04:30:17.621725,"c0334f72-c384-405c-9fda-ae36c0a49cd8",true,"UWFL","Argonauts","West Florida",9,999,,"West Florida Argonauts",115,69,"#0072ce","#00af66",2026-06-08 12:22:08.289000000,0,0
365,2022-05-31 10:00:17.400035,2026-03-28 04:31:02.757261,"76eb86f4-3d1c-4c91-a7d4-357bfc56687e",true,"NCAT","Aggies","North Carolina A&T",9,682,,"North Carolina A&T Aggies",116,69,"#003d6d","#f3b237",2026-06-08 12:22:08.289000000,0,0
367,2022-05-31 10:00:17.415561,2026-03-28 04:30:55.724222,"8b747699-1fcb-458b-8967-32122ce52f63",true,"LAF","Leopards","Lafayette",9,469,"https://d1b64mtb5sw7c4.cloudfront.net/media/teams/logos/ncaafb/lafayette-leopards.svg","Lafayette Leopards",125,69,"#98002e","#a8996e",2026-06-08 12:22:08.289000000,0,0
368,2022-05-31 10:00:17.423723,2026-03-28 04:31:03.302035,"9ca4bce0-b7b9-4fa9-9f0f-111f31a3eb5e",true,"ALBY","Great Danes","University at Albany",9,186,"https://d1b64mtb5sw7c4.cloudfront.net/media/teams/logos/ncaafb/albany-great-danes.svg","University at Albany Great Danes",116,69,"#eeb211","#461660",2026-06-08 12:22:08.289000000,0,0
371,2022-05-31 10:00:17.443598,2026-03-28 04:31:04.355542,"87305d7d-0535-453a-bbad-21f6cf8ae8ec",true,"TOWS","Tigers","Towson",9,631,"https://d1b64mtb5sw7c4.cloudfront.net/media/teams/logos/ncaafb/towson-tigers.svg","Towson Tigers",116,69,"#3c3c3c","#ffbb00",2026-06-08 12:22:08.289000000,0,0
374,2022-05-31 10:00:17.462924,2026-03-28 04:31:11.435828,"ff71ab79-c01a-42e5-ab0e-a79c0d74e35b",true,"EKY","Colonels","Eastern Kentucky",9,686,"https://d1b64mtb5sw7c4.cloudfront.net/media/teams/logos/ncaafb/eastern-kentucky-colonels.svg","Eastern Kentucky Colonels",115,69,"#8a0039","#ffffff",2026-06-08 12:22:08.289000000,0,0
375,2022-05-31 10:00:17.467120,2025-07-01 10:54:41.135889,"7bf2f7ae-1bc2-403e-b824-d3580c979a2b",true,"MILES","Golden Bears","Miles",9,,,"Miles Golden Bears",52,34,,,2026-06-08 12:22:08.289000000,0,0
376,2022-05-31 10:00:17.474605,2026-03-28 04:31:16.302467,"6c1b07d9-53be-40a6-88cc-1bc2fe1ff737",true,"STET","Hatters","Stetson",9,683,"https://d1b64mtb5sw7c4.cloudfront.net/media/teams/logos/ncaafb/stetson-hatters.svg","Stetson Hatters",127,69,"#00523e","#3b8729",2026-06-08 12:22:08.289000000,0,0
378,2022-05-31 10:00:17.486058,2026-03-28 04:30:32.261591,"853a3ebb-9356-4052-bf57-a28ebbc3694b",true,"MEM","Tigers","Memphis",9,619,"https://d1b64mtb5sw7c4.cloudfront.net/media/teams/logos/ncaafb/memphis-tigers.svg","Memphis Tigers",58,54,"#898d8d","#003087",2026-06-08 12:22:08.289000000,0,0
381,2022-05-31 10:00:17.506009,2026-03-28 04:30:58.351258,"f4386acd-9455-4aa6-a603-2ab90c290c48",true,"NWST","Demons","Northwestern State",9,624,"https://d1b64mtb5sw7c4.cloudfront.net/media/teams/logos/ncaafb/northwestern-state-demons.svg","Northwestern State Demons",70,69,"#ffffff","#663399",2026-06-08 12:22:08.289000000,0,0
382,2022-05-31 10:00:17.513692,2026-03-28 04:30:15.764973,"f99ea171-a801-4e9d-9b0e-8808ed8e4111",true,"UVA","Cavaliers","Virginia",9,70,"https://d1b64mtb5sw7c4.cloudfront.net/media/teams/logos/ncaafb/virginia-cavaliers.svg","Virginia Cavaliers",55,54,"#232d4b","#f84c1e",2026-06-08 12:22:08.289000000,0,0
383,2022-05-31 10:00:17.521071,2026-03-28 04:31:07.221621,"e9790f47-7df2-4fda-9752-54c39a12c0f6",true,"MONT","Grizzlies","Montana",9,259,"https://d1b64mtb5sw7c4.cloudfront.net/media/teams/logos/ncaafb/montana-grizzlies.svg","Montana Grizzlies",139,69,"#999999","#660033",2026-06-08 12:22:08.289000000,0,0
394,2022-05-31 10:00:17.586828,2026-03-28 04:31:08.229767,"aa8c98a9-8bd1-415a-8778-ac4f0aa2e1e8",true,"ALCN","Braves","Alcorn State",9,594,"https://d1b64mtb5sw7c4.cloudfront.net/media/teams/logos/ncaafb/alcorn-state-braves.svg","Alcorn State Braves",112,69,"#4b306a","#ce8e00",2026-06-08 12:22:08.289000000,0,0
395,2022-05-31 10:00:17.594602,2026-03-28 04:31:02.608449,"fd4794c6-b83e-4194-bc46-cc677ed7909e",true,"INST","Sycamores","Indiana State",9,591,"https://d1b64mtb5sw7c4.cloudfront.net/media/teams/logos/ncaafb/indiana-state-sycamores.svg","Indiana State Sycamores",149,69,"#ffffff","#0142bc",2026-06-08 12:22:08.289000000,0,0
398,2022-05-31 10:00:17.616867,2026-04-14 04:30:10.808755,"f76d4f75-08fc-4a42-9c34-f12f29dc449f",true,"NDSU","Bison","North Dakota State",9,618,"https://d1b64mtb5sw7c4.cloudfront.net/media/teams/logos/ncaafb/north-dakota-state-bison.svg","North Dakota State Bison",59,54,"#0a5640","#ffc72a",2026-06-08 12:22:08.289000000,0,0
403,2022-05-31 10:00:17.654618,2026-03-28 04:30:58.222978,"85be2465-0135-4d3b-b19e-72a31dcfbaac",true,"MCNS","Cowboys","McNeese",9,516,"https://d1b64mtb5sw7c4.cloudfront.net/media/teams/logos/ncaafb/mcneese-state-cowboys.svg","McNeese Cowboys",70,69,"#ffd204","#00529b",2026-06-08 12:22:08.289000000,0,0
410,2022-05-31 10:00:17.707483,2026-03-28 04:30:53.299735,"e73f5bef-ae55-4304-b97c-e2feae583d46",true,"TCU","Horned Frogs","TCU",9,541,"https://d1b64mtb5sw7c4.cloudfront.net/media/teams/logos/ncaafb/tcu-horned-frogs.svg","TCU Horned Frogs",65,54,"#4d1979","#a3a9ac",2026-06-08 12:22:08.289000000,0,0
413,2022-05-31 10:00:17.730327,2026-03-28 04:31:09.402701,"55c0aa17-7924-4c45-a91d-c69f09ab3444",true,"ALST","Hornets","Alabama State",9,693,"https://d1b64mtb5sw7c4.cloudfront.net/media/teams/logos/ncaafb/alabama-state-hornets.svg","Alabama State Hornets",112,69,"#000000","#c99700",2026-06-08 12:22:08.289000000,0,0
414,2022-05-31 10:00:17.737884,2026-03-28 04:30:57.341448,"1246f54b-0a87-485e-abdf-37cae6f249d6",true,"IW","Cardinals","Incarnate Word",9,653,"https://d1b64mtb5sw7c4.cloudfront.net/media/teams/logos/ncaafb/incarnate-word-cardinals.svg","Incarnate Word Cardinals",70,69,"#000000","#cb333b",2026-06-08 12:22:08.289000000,0,0
415,2022-05-31 10:00:17.745512,2026-03-28 04:31:09.905508,"46c8698a-fc4d-44c2-b459-3728dcf768b6",true,"FAMU","Rattlers","Florida A&M",9,184,,"Florida A&M Rattlers",112,69,"#1b5633","#ee7624",2026-06-08 12:22:08.289000000,0,0
416,2022-05-31 10:00:17.753112,2026-03-28 04:31:10.286239,"25570c3e-d2a5-46e7-85b0-4732622b59f2",true,"GRAM","Tigers","Grambling State",9,244,"https://d1b64mtb5sw7c4.cloudfront.net/media/teams/logos/ncaafb/grambling-state-tigers.svg","Grambling State Tigers",112,69,"#000000","#eaa921",2026-06-08 12:22:08.289000000,0,0
419,2022-05-31 10:00:17.775551,2025-07-01 10:54:42.570676,"277ce085-93a6-4210-9e9f-1601d828538e",true,"NAU","Lumberjacks","Northern Arizona",9,553,"https://d1b64mtb5sw7c4.cloudfront.net/media/teams/logos/ncaafb/northern-arizona-lumberjacks.svg","Northern Arizona Lumberjacks",139,69,,,2026-06-08 12:22:08.289000000,0,0
420,2022-05-31 10:00:17.782959,2026-03-28 04:30:35.529852,"c029f8e8-63b7-4556-bd3f-f03724d840d9",true,"SJSU","Spartans","San Jose State",9,565,"https://d1b64mtb5sw7c4.cloudfront.net/media/teams/logos/ncaafb/san-jose-state-spartans.svg","San Jose State Spartans",59,54,"#e5a823","#0055a2",2026-06-08 12:22:08.289000000,0,0
422,2022-05-31 10:00:17.798001,2026-03-28 04:31:10.205858,"3b72e153-8b17-4e66-9e9a-dc05a4c12004",true,"JKST","Tigers","Jackson State",9,260,"https://d1b64mtb5sw7c4.cloudfront.net/media/teams/logos/ncaafb/jackson-state-tigers.svg","Jackson State Tigers",112,69,"#002147","#008ed6",2026-06-08 12:22:08.289000000,0,0
423,2022-05-31 10:00:17.805496,2026-06-19 04:30:15.577700,"649eaaec-4c51-4f37-9d68-7817d99f3bba",true,"WIU","Leathernecks","Western Illinois",9,661,"https://d1b64mtb5sw7c4.cloudfront.net/media/teams/logos/ncaafb/western-illinois-leathernecks.svg",,292,69,"#ffcc00","#663399",2026-06-19 04:31:15.721000000,0,1781843415583449600
424,2022-05-31 10:00:17.813122,2026-03-28 04:31:02.371586,"bd1174a3-0357-43c5-9065-6c729986fdd5",true,"ILST","Redbirds","Illinois State",9,518,"https://d1b64mtb5sw7c4.cloudfront.net/media/teams/logos/ncaafb/illinois-state-redbirds.svg","Illinois State Redbirds",149,69,"#f9dd16","#ce1126",2026-06-08 12:22:08.289000000,0,0
429,2022-05-31 10:00:17.850623,2026-03-28 04:30:59.202542,"c5d6fb94-a792-430b-ba86-8f5b8cd82126",true,"SFA","Lumberjacks","Stephen F. Austin",9,509,,"Stephen F. Austin Lumberjacks",70,69,"#613393","#ffffff",2026-06-08 12:22:08.289000000,0,0
430,2022-05-31 10:00:17.858014,2026-03-28 04:31:12.519854,"2b71f2f8-16b4-4610-bfa8-2195e09843c6",true,"AC","Wildcats","Abilene Christian",9,254,,"Abilene Christian Wildcats",115,69,"#ffffff","#4f2170",2026-06-08 12:22:08.289000000,0,0
432,2022-05-31 10:00:17.872783,2026-03-28 04:31:07.902669,"08a1fa9a-6e30-4d48-b286-09dffd6a308f",true,"PRST","Vikings","Portland State",9,645,"https://d1b64mtb5sw7c4.cloudfront.net/media/teams/logos/ncaafb/portland-state-vikings.svg","Portland State Vikings",139,69,"#154734","#ffffff",2026-06-08 12:22:08.289000000,0,0
433,2022-05-31 10:00:17.880364,2026-03-28 04:31:07.492741,"373a7e81-bbef-4039-9a68-21074d488612",true,"CP","Mustangs","Cal Poly",9,692,"https://d1b64mtb5sw7c4.cloudfront.net/media/teams/logos/ncaafb/cal-poly-mustangs.svg","Cal Poly Mustangs",139,69,"#003831","#ffe395",2026-06-08 12:22:08.289000000,0,0
435,2022-05-31 10:00:17.895376,2026-03-28 04:31:09.486431,"5b231286-6f4f-4a9c-84b2-a805aaa6ba98",true,"SOU","Jaguars","Southern University",9,189,,"Southern University Jaguars",112,69,"#58b6e7","#ffce34",2026-06-08 12:22:08.289000000,0,0
436,2022-05-31 10:00:17.902715,2026-03-28 04:31:01.791031,"ac181d99-bd8c-4f56-9404-d6a71d0f3445",true,"MURR","Racers","Murray State",9,550,"https://d1b64mtb5sw7c4.cloudfront.net/media/teams/logos/ncaafb/murray-state-racers.svg","Murray State Racers",149,69,"#ecac00","#002144",2026-06-08 12:22:08.289000000,0,0
440,2022-05-31 10:00:17.934550,2026-03-28 04:30:58.778532,"6ac1557b-e6ba-4096-a55d-dff090d598dd",true,"SELA","Lions","Southeastern Louisiana",9,257,"https://d1b64mtb5sw7c4.cloudfront.net/media/teams/logos/ncaafb/southeastern-louisiana-lions.svg","Southeastern Louisiana Lions",70,69,"#006341","#eaaa00",2026-06-08 12:22:08.289000000,0,0
441,2022-05-31 10:00:17.942100,2026-03-28 04:30:49.905476,"4659af4f-249f-4ce5-a830-6d68edd4b519",true,"USC","Trojans","USC",9,698,"https://d1b64mtb5sw7c4.cloudfront.net/media/teams/logos/ncaafb/usc-trojans.svg","USC Trojans",63,54,"#ffc72c","#990000",2026-06-08 12:22:08.289000000,0,0
451,2022-05-31 10:00:18.028651,2026-03-28 04:30:19.448731,"d3f1cdf8-1f91-4028-8fcd-2d8dd48efef2",true,"UNC","Tar Heels","North Carolina",9,58,"https://d1b64mtb5sw7c4.cloudfront.net/media/teams/logos/ncaafb/north-carolina-tar-heels.svg","North Carolina Tar Heels",55,54,"#7bafd4","#ffffff",2026-06-08 12:22:08.289000000,0,0
453,2022-05-31 10:00:18.045917,2026-03-28 04:30:19.894680,"53d96128-6aca-45be-a732-9ba7ae4aee2b",true,"NCST","Wolfpack","NC State",9,472,"https://d1b64mtb5sw7c4.cloudfront.net/media/teams/logos/ncaafb/north-carolina-state-wolfpack.svg","NC State Wolfpack",55,54,"#cc0000","#000000",2026-06-08 12:22:08.289000000,0,0
460,2022-05-31 10:00:18.103949,2026-03-28 04:31:09.125211,"b2c4c517-3ee1-450f-bdf9-d3e540843a66",true,"AAMU","Bulldogs","Alabama A&M",9,605,,"Alabama A&M Bulldogs",112,69,"#ffffff","#660000",2026-06-08 12:22:08.289000000,0,0
461,2022-05-31 10:00:18.111956,2026-03-28 04:30:58.659266,"292db59b-5f83-4969-8369-b898d8196040",true,"HCU","Huskies","Houston Christian",9,607,"https://d1b64mtb5sw7c4.cloudfront.net/media/teams/logos/ncaafb/houston-baptist-huskies.svg","Houston Christian Huskies",70,69,"#f3652c","#1c4e9d",2026-06-08 12:22:08.289000000,0,0
462,2022-05-31 10:00:18.120094,2026-03-28 04:31:07.708347,"37cf617c-921c-45d0-8e74-812730e8d654",true,"IDHO","Vandals","Idaho",9,96,"https://d1b64mtb5sw7c4.cloudfront.net/media/teams/logos/ncaafb/idaho-vandals.svg","Idaho Vandals",139,69,"#b3a369","#eaab00",2026-06-08 12:22:08.289000000,0,0
463,2022-05-31 10:00:18.130079,2026-03-28 04:31:02.171249,"72e2143f-c49a-4d05-9c0f-b28ace70ec58",true,"SIU","Salukis","Southern Illinois",9,684,"https://d1b64mtb5sw7c4.cloudfront.net/media/teams/logos/ncaafb/southern-illinois-salukis.svg","Southern Illinois Salukis",149,69,"#ffffff","#720000",2026-06-08 12:22:08.289000000,0,0
465,2022-05-31 10:00:18.143462,2026-06-19 04:30:17.958802,"72973bbb-bb98-4952-97ab-d302acacb667",true,"TNST","Tigers","Tennessee State",9,654,"https://d1b64mtb5sw7c4.cloudfront.net/media/teams/logos/ncaafb/tennessee-state-tigers.svg",,292,69,"#ffffff","#00539f",2026-06-19 04:31:15.721000000,0,1781843417963993343
507,2022-05-31 10:00:18.603821,2025-07-01 10:55:20.358725,"0a0ad5d4-ea5b-4706-abb6-23d7f1fa876c",true,"ILL","Fighting Illini","Illinois",10,504,"https://d1b64mtb5sw7c4.cloudfront.net/media/teams/logos/uillinois-blue-logo_Dpel8pG.svg","Illinois Fighting Illini",276,163,"#13294b","#ff5f05",2026-06-08 12:22:08.289000000,0,0
514,2022-05-31 10:00:18.651131,2025-07-01 10:55:53.195484,"01be2c7d-ff14-4872-8c06-f5f8500cdf5d",true,"WVU","Mountaineers","West Virginia",10,734,"https://d1b64mtb5sw7c4.cloudfront.net/media/teams/logos/ncaam/west-virginia-mountaineers.svg","West Virginia Mountaineers",209,163,"#002855","#eaaa00",2026-06-08 12:22:08.289000000,0,0
523,2022-05-31 10:00:18.712994,2025-07-01 10:55:26.269843,"4b06a763-9949-4a55-b91b-760829d2100f",true,"MICH","Wolverines","Michigan",10,30,"https://d1b64mtb5sw7c4.cloudfront.net/media/teams/logos/ncaam/michigan-wolverines.svg","Michigan Wolverines",276,163,"#ffcb05","#00274c",2026-06-08 12:22:08.289000000,0,0
531,2022-05-31 10:00:18.761914,2025-07-01 10:55:42.834167,"f9097f96-938e-4db7-ad3f-0086033d342a",true,"STAN","Cardinal","Stanford",10,371,"https://d1b64mtb5sw7c4.cloudfront.net/media/teams/logos/ncaam/stanford-cardinal.svg","Stanford Cardinal",211,163,"#8c1515","#ffffff",2026-06-08 12:22:08.289000000,0,0
547,2022-05-31 10:00:18.874960,2025-07-01 10:55:05.793398,"e5098861-6885-4db0-8a59-d4cbb67451f5",true,"ARIZ","Wildcats","Arizona",10,383,"https://d1b64mtb5sw7c4.cloudfront.net/media/teams/logos/ncaam/arizona-wildcats.svg","Arizona Wildcats",209,163,"#ab0520","#0c234b",2026-06-08 12:22:08.289000000,0,0
551,2022-05-31 10:00:18.905513,2025-07-01 10:55:35.031394,"180aa958-6006-4e4a-851c-f51a26ad1811",true,"RUTG","Scarlet Knights","Rutgers",10,792,"https://d1b64mtb5sw7c4.cloudfront.net/media/teams/logos/ncaam/rutgers-scarlet-knights.svg","Rutgers Scarlet Knights",276,163,"#cc0033","#000000",2026-06-08 12:22:08.289000000,0,0
552,2022-05-31 10:00:18.913591,2025-07-01 10:55:26.559167,"0ef86145-7c02-4147-869e-8faa0c5f8b91",true,"MINN","Golden Gophers","Minnesota",10,20,"https://d1b64mtb5sw7c4.cloudfront.net/media/teams/logos/ncaam/minnesota-golden-gophers.svg","Minnesota Golden Gophers",276,163,"#ffb71e","#5b0013",2026-06-08 12:22:08.289000000,0,0
558,2022-05-31 10:00:18.959804,2025-07-01 10:55:12.229556,"838195e9-7fe7-425f-8060-b0e54250d470",true,"CREI","Bluejays","Creighton",10,808,"https://d1b64mtb5sw7c4.cloudfront.net/media/teams/logos/ncaam/creighton-bluejays.svg","Creighton Bluejays",231,163,"#005ca9","#ffffff",2026-06-08 12:22:08.289000000,0,0
561,2022-05-31 10:00:18.984213,2025-07-01 10:55:11.713313,"6d49cdec-104f-4025-af3b-b39d631dace9",true,"COLO","Buffaloes","Colorado",10,213,"https://d1b64mtb5sw7c4.cloudfront.net/media/teams/logos/ncaam/colorado-buffaloes.svg","Colorado Buffaloes",209,163,"#cfb87c","#000000",2026-06-08 12:22:08.289000000,0,0
568,2022-05-31 10:00:19.049654,2025-07-01 10:55:11.793144,"57d018ed-e61e-4ba0-8211-2ec0d7f04be6",true,"CONN","Huskies","UConn",10,501,"https://d1b64mtb5sw7c4.cloudfront.net/media/teams/logos/ncaam/connecticut-huskies.svg","UConn Huskies",231,163,"#000e2f","#ffffff",2026-06-08 12:22:08.289000000,0,0
569,2022-05-31 10:00:19.058498,2025-07-01 10:55:31.639086,"7d358f92-8274-4656-af9b-36d9c2bebe1c",true,"OKLA","Sooners","Oklahoma",10,21,"https://d1b64mtb5sw7c4.cloudfront.net/media/teams/logos/ncaam/oklahoma-sooners.svg","Oklahoma Sooners",178,163,"#841617","#fdf9d8",2026-06-08 12:22:08.289000000,0,0
582,2022-05-31 10:00:19.152216,2025-07-01 10:55:07.079021,"7e85d7f3-2ad3-4834-ba1a-484193a3e41e",true,"BAY","Bears","Baylor",10,958,"https://d1b64mtb5sw7c4.cloudfront.net/media/teams/logos/ncaam/baylor-bears.svg","Baylor Bears",209,163,"#154734","#ffb81c",2026-06-08 12:22:08.289000000,0,0
590,2022-05-31 10:00:19.218710,2025-07-01 10:55:06.261589,"9491029a-f685-4021-bca4-6c0ef70b5f3f",true,"AUB","Tigers","Auburn",10,32,"https://d1b64mtb5sw7c4.cloudfront.net/media/teams/logos/ncaam/auburn-tigers.svg","Auburn Tigers",178,163,"#f26522","#04244d",2026-06-08 12:22:08.289000000,0,0
611,2022-05-31 10:00:19.364683,2025-07-01 10:55:45.425004,"d2a6cac3-44a6-4697-b481-21ec58c5270f",true,"TLSA","Golden Hurricane","Tulsa",10,39,"https://d1b64mtb5sw7c4.cloudfront.net/media/teams/logos/ncaam/tulsa-golden-hurricane.svg","Tulsa Golden Hurricane",244,163,"#d0b787","#003595",2026-06-08 12:22:08.289000000,0,0
1009,2022-05-31 10:00:21.818461,2025-07-01 10:55:20.425663,"58b478b3-997b-4a62-aa03-ff57f6d48beb",true,"ILST","Redbirds","Illinois State",10,910,"https://d1b64mtb5sw7c4.cloudfront.net/media/teams/logos/ncaam/illinois-state-redbirds.svg","Illinois State Redbirds",213,163,"#ce142b","#ffffff",2026-06-08 12:22:08.289000000,0,0
1104,2022-05-31 10:00:22.460593,2025-07-01 10:55:48.501819,"63843841-0eec-4983-9291-266cc7ff5a50",true,"UNM","Lobos","New Mexico",10,338,"https://d1b64mtb5sw7c4.cloudfront.net/media/teams/logos/ncaam/new-mexico-lobos.svg","New Mexico Lobos",175,163,"#ba0c2f","#a7a8aa",2026-06-08 12:22:08.289000000,0,0
1247,2022-05-31 10:00:23.482499,2026-06-10 04:30:42.204152,"46739e00-b7cf-4834-a57d-a2cd8a98cfc6",true,"CON","Sun","Connecticut",11,420,"https://d1b64mtb5sw7c4.cloudfront.net/media/teams/logos/sun.svg",,290,,"#f05023","#0a2240",2026-06-10 04:31:03.597000000,0,1781065842208681589
1248,2022-05-31 10:00:23.491780,2026-06-10 04:30:43.532414,"60e66295-8537-4be5-a058-b4cd14ed5402",true,"DAL","Wings","Dallas",11,235,"https://d1b64mtb5sw7c4.cloudfront.net/media/teams/logos/wings.svg",,291,,"#c4d600","#002b5c",2026-06-10 04:31:03.597000000,0,1781065843536644240
1249,2022-05-31 10:00:23.501757,2026-06-10 04:30:42.551009,"9d295c47-882d-4e72-bb1e-cf544ff630a9",true,"PHX","Mercury","Phoenix",11,851,"https://d1b64mtb5sw7c4.cloudfront.net/media/teams/logos/mercury_q5BhQNT.svg",,291,,"#e56020","#1d1160",2026-06-10 04:31:03.597000000,0,1781065842555925019
1250,2022-05-31 10:00:23.510937,2026-06-10 04:30:41.001369,"a8b41ff8-19cd-4dd2-a249-76188bd47771",true,"NYL","Liberty","New York",11,863,"https://d1b64mtb5sw7c4.cloudfront.net/media/teams/logos/liberty.svg",,290,,"#86cebc","#000000",2026-06-10 04:31:03.597000000,0,1781065841014888754
1251,2022-05-31 10:00:23.519267,2026-06-10 04:30:44.074008,"5ffab456-1f25-4583-9d8c-8706cc9d352f",true,"SEA","Storm","Seattle",11,325,"https://d1b64mtb5sw7c4.cloudfront.net/media/teams/logos/storm.svg",,291,,"#2c5235","#fee11a",2026-06-10 04:31:03.597000000,0,1781065844079511193
1252,2022-05-31 10:00:23.527824,2026-06-10 04:30:43.691978,"184f4405-1c1a-4b92-8cd0-f3b51102f55c",true,"MIN","Lynx","Minnesota",11,850,"https://d1b64mtb5sw7c4.cloudfront.net/media/teams/logos/lynx.svg",,291,,"#266092","#0c233f",2026-06-10 04:31:03.597000000,0,1781065843697823134
1253,2022-05-31 10:00:23.538214,2026-06-10 04:30:42.868175,"121c6510-492d-41f3-98c4-9087a2c6e6ff",true,"LVA","Aces","Las Vegas",11,181,"https://d1b64mtb5sw7c4.cloudfront.net/media/teams/logos/aces.svg",,291,,"#a7a8aa","#000000",2026-06-10 04:31:03.597000000,0,1781065842872234619
1254,2022-05-31 10:00:23.546596,2026-06-10 04:30:41.433218,"15f3970d-bfac-4182-8895-06a370d9e5d1",true,"CHI","Sky","Chicago",11,780,"https://d1b64mtb5sw7c4.cloudfront.net/media/teams/logos/sky.svg",,290,,"#ffd520","#5091cd",2026-06-10 04:31:03.597000000,0,1781065841437769775
1257,2022-08-17 07:47:31.748602,2025-07-01 10:54:19.863604,"c7242e9e-c661-4566-bfa3-a2aed3e3c32b",true,"ATX","Austin FC",,4,,"https://d1b64mtb5sw7c4.cloudfront.net/media/teams/logos/Austin_FC_logo_yeDS0vT.svg","Austin FC",,,,,2026-06-08 12:22:08.289000000,0,0
1258,2022-08-17 07:47:31.805288,2025-07-01 10:54:19.900832,"4879c69c-2e81-4f84-8d84-a00e1676e35b",true,"CLT","Charlotte FC",,4,,"https://d1b64mtb5sw7c4.cloudfront.net/media/teams/logos/Charlotte_FC_logo_BaWqmP6.svg","Charlotte FC",,,,,2026-06-08 12:22:08.289000000,0,0
1259,2022-08-17 08:48:02.625944,2026-06-10 04:30:42.154117,"6c52894f-dda1-4705-bbff-a32809d8759d",true,"WAS","Mystics","Washington",11,353,"https://d1b64mtb5sw7c4.cloudfront.net/media/teams/logos/mystics.svg",,290,,"#002b5c","#e03a3e",2026-06-10 04:31:03.597000000,0,1781065842160642672
1260,2022-08-17 08:48:02.763913,2026-06-10 04:30:41.766157,"15089951-03c1-425b-a945-12c04a50a1d9",true,"ATL","Dream","Atlanta",11,319,"https://d1b64mtb5sw7c4.cloudfront.net/media/teams/logos/dream.svg",,290,,"#373a36","#e31837",2026-06-10 04:31:03.597000000,0,1781065841771182040
1261,2022-08-17 08:48:02.764881,2026-06-10 04:30:42.538503,"e3643495-cad8-490b-bc99-d0f37a18a8e8",true,"IND","Fever","Indiana",11,87,"https://d1b64mtb5sw7c4.cloudfront.net/media/teams/logos/fever.svg",,290,,"#e03a3e","#002d62",2026-06-10 04:31:03.597000000,0,1781065842545204502
1262,2022-08-17 08:48:02.860336,2026-06-10 04:30:42.825623,"a7987c8f-b9d2-4352-bdc0-8d77f71ae709",true,"LAS","Sparks","Los Angeles",11,142,"https://d1b64mtb5sw7c4.cloudfront.net/media/teams/logos/sparks.svg",,291,,"#fdb927","#552583",2026-06-10 04:31:03.597000000,0,1781065842831335856
2307,2022-10-18 09:56:34.086350,2025-07-01 10:54:44.949838,"98ea8804-d0d4-4f66-9ea8-6ec2891dcaae",true,"SDSMT","Hardrockers","South Dakota Mines",9,,,"South Dakota Mines Hardrockers",37,34,,,2026-06-08 12:22:08.289000000,0,0
2318,2022-10-18 09:56:35.469360,2026-03-28 04:31:13.003633,"fba83a7c-0000-47a8-8147-bf9dedba5451",true,"UWGA","Wolves","West Georgia",9,960,,"West Georgia Wolves",115,69,"#0656a5","#da2128",2026-06-08 12:22:08.289000000,0,0
2352,2022-10-18 09:56:38.546784,2025-07-01 10:54:37.718465,"5f7e6d38-bfc6-4bff-891a-8ff68783448a",true,"FMSU","Fighting Falcons","Fairmont State",9,,,"Fairmont State Fighting Falcons",44,34,,,2026-06-08 12:22:08.289000000,0,0
2356,2022-10-18 09:56:38.731228,2025-07-01 10:54:36.479916,"de9bb5c5-4d5d-4c88-bffe-1fdda8781378",true,"CUWV","Mountain Lions","Concord",9,,,"Concord Mountain Lions",44,34,,,2026-06-08 12:22:08.289000000,0,0
2357,2022-10-18 09:56:38.813390,2025-07-01 10:54:38.322720,"e4cda2c8-2428-4581-932c-a073ea2c8e71",true,"GSC","Pioneers","Glenville State College",9,,,"Glenville State College Pioneers",44,34,,,2026-06-08 12:22:08.289000000,0,0
2365,2022-10-18 09:56:39.387953,2025-07-01 10:54:43.491025,"d840be18-270e-4583-8b13-43766ceed422",true,"OHDU","Panthers","Ohio Dominican",9,,,"Ohio Dominican Panthers",45,34,,,2026-06-08 12:22:08.289000000,0,0
2367,2022-10-18 09:56:39.520702,2026-04-14 04:30:18.268429,"d8360314-b73a-43b6-87bd-8748dd26452e",true,"NHC","Chargers","New Haven",9,989,,"New Haven Chargers",135,69,"#ffc423","#004b8d",2026-06-08 12:22:08.289000000,0,0
2389,2022-10-18 09:56:41.075309,2025-07-01 10:54:50.650794,"b360da7d-708e-482b-a7f2-847483f5114c",true,"WSU","Warriors","Winona State",9,,,"Winona State Warriors",49,34,,,2026-06-08 12:22:08.289000000,0,0
2402,2022-10-18 09:56:42.030894,2026-03-28 04:31:17.480588,"f692ccc7-ffb8-4f09-bc9d-bc7a69ca5ca6",true,"MHU","Lakers","Mercyhurst",9,961,,"Mercyhurst Lakers",135,69,"#07594d","#182752",2026-06-08 12:22:08.289000000,0,0
2416,2022-10-18 09:56:42.965720,2025-07-01 10:54:33.858973,"dd49b3c8-f671-427c-9fe3-133278ed1173",true,"ALSU","Golden Rams","Albany State",9,,,"Albany State Golden Rams",52,34,,,2026-06-08 12:22:08.289000000,0,0
2418,2022-10-18 09:56:43.090675,2025-07-01 10:54:40.668405,"4b79d6f5-aea9-4aa6-bdb7-22fe2961b906",true,"MC","Maroon Tigers","Morehouse",9,,,"Morehouse Maroon Tigers",52,34,,,2026-06-08 12:22:08.289000000,0,0
2419,2022-10-18 09:56:43.115408,2025-07-01 10:54:35.318658,"f977333f-2e58-4063-8305-6fa75f7d15b7",true,"CAU","Panthers","Clark Atlanta",9,,,"Clark Atlanta Panthers",52,34,,,2026-06-08 12:22:08.289000000,0,0
2420,2022-10-18 09:56:43.201649,2025-07-01 10:54:44.792275,"c3a47ef7-4d54-4f5e-92b0-f8d28fbe6698",true,"SAV","Tigers","Savannah State",9,933,,"Savannah State Tigers",52,34,,,2026-06-08 12:22:08.289000000,0,0
2466,2022-10-18 09:56:46.499868,2026-03-28 04:30:59.033092,"23dc0784-d91f-4d90-88b7-7dcc302b6ce9",true,"ETAM","Lions","East Texas A&M",9,939,,"East Texas A&M Lions",70,69,"#00205b","#c5b783",2026-06-08 12:22:08.289000000,0,0
2467,2022-10-18 09:56:46.532198,2026-03-28 04:31:18.097570,"20e3f387-1201-4ebf-9269-1d25aa00c744",true,"STNH","Skyhawks","Stonehill",9,940,,"Stonehill Skyhawks",135,69,"#2f2975","#ffffff",2026-06-08 12:22:08.289000000,0,0
2481,2022-10-18 09:56:47.555722,2025-07-01 10:54:43.674834,"3c34b04c-a695-4b56-b179-a3d35d34d8f5",true,"OPSU","Aggies","Oklahoma Panhandle State",9,,,"Oklahoma Panhandle State Aggies",118,113,,,2026-06-08 12:22:08.289000000,0,0
2514,2023-03-17 04:30:17.252196,2025-07-01 10:54:20.069206,"69fdca80-df45-47b4-a99f-a552862828bf",true,"SAI","Saint Louis City SC",,4,,"https://d1b64mtb5sw7c4.cloudfront.net/media/teams/logos/St_Louis_City_SC_logo.svg","Saint Louis City SC",,,,,2026-06-08 12:22:08.289000000,0,0
2515,2023-04-05 04:30:21.031798,2025-07-01 10:54:43.338989,"33ce434a-578e-4520-ab3e-a85c19edfb2f",true,"NWIA","Red Raiders","Northwestern (IA)",9,,,"Northwestern (IA) Red Raiders",148,113,,,2026-06-08 12:22:08.289000000,0,0
2520,2024-05-08 04:30:20.061617,2025-07-01 10:54:44.544784,"87311c85-252e-42ae-acd7-6646a2d5b91f",true,"ROOS","Lakers","Roosevelt",9,,,"Roosevelt Lakers",43,34,,,2026-06-08 12:22:08.289000000,0,0
2521,2024-05-08 04:30:22.822320,2025-07-01 10:54:38.183957,"c93ac040-a2e0-4452-be6a-787d26e213bf",true,"GC","Tigers","Georgetown College",9,,,"Georgetown College Tigers",123,113,,,2026-06-08 12:22:08.289000000,0,0
3149,2024-06-26 04:30:38.023198,2025-07-01 10:54:25.178663,"999e6572-0b19-4496-b7c9-27897edd962a",true,"UTA","Mammoth","Utah",8,977,"https://d1b64mtb5sw7c4.cloudfront.net/media/teams/logos/UTA_new.svg","Utah Mammoth",31,33,"#6cace4","#010101",2026-06-08 12:22:08.289000000,0,0
3169,2024-12-25 04:30:03.825135,2025-07-01 10:54:20.080191,"9ff2ee10-5c97-4822-8313-b7f9d5c4bf52",true,"SAN","San Diego FC",,4,,,"San Diego FC",,,,,2026-06-08 12:22:08.289000000,0,0
3171,2025-03-26 04:30:13.474987,2026-03-28 04:30:59.455233,"f76e7f24-88c2-4115-a108-ab59dac43efa",true,"UTRGV","Vaqueros","UT Rio Grande Valley",9,985,,"UT Rio Grande Valley Vaqueros",70,69,"#ffa300","#f05023",2026-06-08 12:22:08.289000000,0,0
3209,2026-02-20 04:30:13.951165,2026-03-28 04:30:56.953119,"65344f39-a50e-46f8-9e45-945547223037",true,"CHS","Cougars","Chicago State",9,996,,"Chicago State Cougars",153,69,"#000000","#006666",2026-06-08 12:22:08.289000000,0,0
3233,2026-05-01 04:30:08.453042,2026-05-01 04:30:08.478060,"e1682c92-0e4c-4ef8-afe3-257a675f42d0",true,"AUSC","Trojans","Anderson (SC)",9,,,"Anderson (SC) Trojans",36,34,,,2026-06-08 12:22:08.289000000,0,0
3235,2026-05-01 04:30:17.964399,2026-05-01 04:30:17.991645,"624258bd-2153-48ed-8503-6c82c8690433",true,"LAWT","Blue Devils","Lawrence Tech",9,,,"Lawrence Tech Blue Devils",134,113,,,2026-06-08 12:22:08.289000000,0,0
3236,2026-06-10 04:30:41.396460,2026-06-10 13:27:25.143071,"67f70174-a8fd-43a0-8b39-3054a217d21e",true,"TOR","Tempo","Toronto",11,997,"https://d1b64mtb5sw7c4.cloudfront.net/media/teams/logos/tempo_l6KqF7i.svg",,290,,"#441e36","#b3c7e7",2026-06-10 13:28:25.471000000,0,1781098045183719312
3237,2026-06-10 04:30:43.248001,2026-06-10 13:27:49.037614,"95b0ced9-f382-4c3d-9c6b-6cc4fa7a780d",true,"GSV","Valkyries","Golden State",11,132,"https://d1b64mtb5sw7c4.cloudfront.net/media/teams/logos/valkyries_K06nP4u.svg",,291,,"#ad95db","#2d2a26",2026-06-10 13:28:25.471000000,0,1781098069043946514
3238,2026-06-10 04:30:44.003846,2026-06-10 13:28:07.796743,"e40cd935-982f-41b5-934f-7605a9cf74c2",true,"PDX","Fire","Portland",11,90,"https://d1b64mtb5sw7c4.cloudfront.net/media/teams/logos/fire_yDWbHIc.svg",,291,,"#3f3735","#c8102e",2026-06-10 13:28:25.471000000,0,1781098087803021093